_step,_runtime,_timestamp,epoch,train/loss,train/mf_loss,train/reg_loss,test/recall@1,test/recall@5,test/recall@10,test/recall@20,test/recall@50,test/precision@1,test/precision@5,test/precision@10,test/precision@20,test/precision@50,test/ndcg@1,test/ndcg@5,test/ndcg@10,test/ndcg@20,test/ndcg@50,test/map@1,test/map@5,test/map@10,test/map@20,test/map@50,test/mrr@1,test/mrr@5,test/mrr@10,test/mrr@20,test/mrr@50,test/hit_ratio@1,test/hit_ratio@5,test/hit_ratio@10,test/hit_ratio@20,test/hit_ratio@50
0,0.550205356,1778816694.4423923,1,0.6820824146270752,0.6820652484893799,1.7184134776471183e-05,,,,,,,,,,,,,,,,,,,,,,,,,,,,,,
1,0.618957636,1778816694.5115325,2,0.6808685064315796,0.6808510422706604,1.7482525436207652e-05,,,,,,,,,,,,,,,,,,,,,,,,,,,,,,
2,0.702352541,1778816694.5945096,3,0.6795766353607178,0.6795588731765747,1.7788694094633684e-05,,,,,,,,,,,,,,,,,,,,,,,,,,,,,,
3,0.809439439,1778816694.7019496,4,0.6785544157028198,0.6785362958908081,1.8116563296644017e-05,,,,,,,,,,,,,,,,,,,,,,,,,,,,,,
4,0.899579472,1778816694.7919576,5,0.6770246624946594,0.677006185054779,1.8458114936947823e-05,,,,,,,,,,,,,,,,,,,,,,,,,,,,,,
5,0.988820993,1778816694.881228,6,0.6755370497703552,0.675518274307251,1.880441232060548e-05,,,,,,,,,,,,,,,,,,,,,,,,,,,,,,
6,1.077757577,1778816694.9704683,7,0.6739951372146606,0.673975944519043,1.9179760784027167e-05,,,,,,,,,,,,,,,,,,,,,,,,,,,,,,
7,1.16688555,1778816695.0594804,8,0.6721926331520081,0.672173023223877,1.9582170352805406e-05,,,,,,,,,,,,,,,,,,,,,,,,,,,,,,
8,1.258615051,1778816695.1509776,9,0.6705285906791687,0.670508623123169,1.998540392378345e-05,,,,,,,,,,,,,,,,,,,,,,,,,,,,,,
9,1.348439396,1778816695.2406192,10,0.6687373518943787,0.6687169075012207,2.0423089154064655e-05,,,,,,,,,,,,,,,,,,,,,,,,,,,,,,
10,1.438184221,1778816695.330733,11,0.6664068102836609,0.6663859486579895,2.0865732949459925e-05,,,,,,,,,,,,,,,,,,,,,,,,,,,,,,
11,1.5278297840000001,1778816695.420088,12,0.6645528674125671,0.6645315289497375,2.1343152184272185e-05,,,,,,,,,,,,,,,,,,,,,,,,,,,,,,
12,1.61777577,1778816695.5102978,13,0.6619965434074402,0.6619746685028076,2.1854371880181134e-05,,,,,,,,,,,,,,,,,,,,,,,,,,,,,,
13,1.708725659,1778816695.6011806,14,0.6595428586006165,0.6595205068588257,2.2361402443493716e-05,,,,,,,,,,,,,,,,,,,,,,,,,,,,,,
14,1.796501345,1778816695.6887896,15,0.6572133302688599,0.6571904420852661,2.2871314286021516e-05,,,,,,,,,,,,,,,,,,,,,,,,,,,,,,
15,1.871318641,1778816695.7638783,16,0.6543738842010498,0.6543504595756531,2.342258085263893e-05,,,,,,,,,,,,,,,,,,,,,,,,,,,,,,
16,1.967815278,1778816695.8603296,17,0.6511015892028809,0.6510775685310364,2.4005719751585275e-05,,,,,,,,,,,,,,,,,,,,,,,,,,,,,,
17,2.057090335,1778816695.9497273,18,0.6482007503509521,0.6481761336326599,2.4593713533249684e-05,,,,,,,,,,,,,,,,,,,,,,,,,,,,,,
18,2.146642735,1778816696.0391135,19,0.6447404026985168,0.6447151899337769,2.5223363991244696e-05,,,,,,,,,,,,,,,,,,,,,,,,,,,,,,
19,2.23782833,1778816696.1302137,20,0.6410101652145386,0.640984296798706,2.5874656785163097e-05,,,,,,,,,,,,,,,,,,,,,,,,,,,,,,
20,13.028376725,1778816706.9193473,20,,,,0.001684120623394847,0.007208024151623249,0.011770450510084629,0.037413544952869415,0.06551653891801834,0.009041591547429562,0.006871610414236784,0.005786616820842028,0.00669077318161726,0.00488245626911521,0.009041591547429562,0.008756889030337334,0.01010342687368393,0.018367230892181396,0.02654816396534443,0.001684120623394847,0.003860430559143424,0.004539700224995613,0.006291257217526436,0.0073288818821311,0.009041591547429562,0.017661241814494133,0.020945634692907333,0.026093117892742157,0.029581204056739807,0.009041591547429562,0.03435804694890976,0.057866185903549194,0.13381555676460266,0.2441229671239853
21,20.651391319,1778816714.5437624,21,0.6380577087402344,0.6380311250686646,2.659932943060994e-05,,,,,,,,,,,,,,,,,,,,,,,,,,,,,,
22,20.741416468,1778816714.6339452,22,0.6340028643608093,0.633975625038147,2.723641591728665e-05,,,,,,,,,,,,,,,,,,,,,,,,,,,,,,
23,20.836371902,1778816714.728743,23,0.629734218120575,0.6297062635421753,2.797711749735754e-05,,,,,,,,,,,,,,,,,,,,,,,,,,,,,,
24,20.937909424,1778816714.830028,24,0.6260978579521179,0.6260691285133362,2.8726290111080743e-05,,,,,,,,,,,,,,,,,,,,,,,,,,,,,,
25,21.032514219,1778816714.9249566,25,0.6209734082221985,0.6209439039230347,2.9504610211006366e-05,,,,,,,,,,,,,,,,,,,,,,,,,,,,,,
26,21.122645465,1778816715.0149696,26,0.6164588332176208,0.6164284944534302,3.031834785360843e-05,,,,,,,,,,,,,,,,,,,,,,,,,,,,,,
27,21.21986792,1778816715.112218,27,0.6120737195014954,0.6120425462722778,3.1177623895928264e-05,,,,,,,,,,,,,,,,,,,,,,,,,,,,,,
28,21.310975449,1778816715.2033353,28,0.6055957078933716,0.6055636405944824,3.206028850399889e-05,,,,,,,,,,,,,,,,,,,,,,,,,,,,,,
29,21.401278019,1778816715.2939038,29,0.6019612550735474,0.6019284129142761,3.287058279966004e-05,,,,,,,,,,,,,,,,,,,,,,,,,,,,,,
30,21.492124376,1778816715.3845274,30,0.5960714817047119,0.5960376262664795,3.386773096281104e-05,,,,,,,,,,,,,,,,,,,,,,,,,,,,,,
31,21.582400504,1778816715.4748473,31,0.5908870697021484,0.5908522605895996,3.4799581044353545e-05,,,,,,,,,,,,,,,,,,,,,,,,,,,,,,
32,21.672510561,1778816715.564769,32,0.5836672782897949,0.5836313962936401,3.58666802640073e-05,,,,,,,,,,,,,,,,,,,,,,,,,,,,,,
33,21.762627841,1778816715.6550922,33,0.5778340697288513,0.5777972340583801,3.684935290948488e-05,,,,,,,,,,,,,,,,,,,,,,,,,,,,,,
34,21.853507095,1778816715.7459867,34,0.5719020366668701,0.571864128112793,3.788025424000807e-05,,,,,,,,,,,,,,,,,,,,,,,,,,,,,,
35,21.943821782,1778816715.8362286,35,0.5672496557235718,0.5672106742858887,3.896162525052205e-05,,,,,,,,,,,,,,,,,,,,,,,,,,,,,,
36,22.032454982,1778816715.924728,36,0.5610881447792053,0.5610480308532715,4.0136350435204804e-05,,,,,,,,,,,,,,,,,,,,,,,,,,,,,,
37,22.122010676,1778816716.0145147,37,0.5542648434638977,0.5542235374450684,4.128880027565174e-05,,,,,,,,,,,,,,,,,,,,,,,,,,,,,,
38,22.213168723,1778816716.1056497,38,0.5457109212875366,0.5456684827804565,4.2424147977726534e-05,,,,,,,,,,,,,,,,,,,,,,,,,,,,,,
39,22.305077665,1778816716.1974065,39,0.5397064685821533,0.5396628379821777,4.363921470940113e-05,,,,,,,,,,,,,,,,,,,,,,,,,,,,,,
40,22.401489082,1778816716.2937846,40,0.5370275974273682,0.5369826555252075,4.496449764701538e-05,,,,,,,,,,,,,,,,,,,,,,,,,,,,,,
41,33.289263167,1778816727.1806612,40,,,,0.001684120623394847,0.0076644872315227985,0.012949435040354729,0.027825739234685898,0.05478828027844429,0.009041591547429562,0.0057866196148097515,0.005786616820842028,0.005605783313512802,0.00426762830466032,0.009041591547429562,0.007766665890812874,0.009726394899189472,0.014973373152315617,0.02264556847512722,0.001684120623394847,0.003499973565340042,0.004200603812932968,0.005296438466757536,0.006287320517003536,0.009041591547429562,0.015009040012955666,0.018723266199231148,0.022609768435359,0.025722531601786613,0.009041591547429562,0.028933092951774597,0.057866185903549194,0.11211573332548141,0.2133815586566925
42,39.682581963,1778816733.5744603,41,0.5269285440444946,0.5268822908401489,4.6226523409131914e-05,,,,,,,,,,,,,,,,,,,,,,,,,,,,,,
43,39.773271643,1778816733.6654425,42,0.5203130841255188,0.5202655792236328,4.750593870994635e-05,,,,,,,,,,,,,,,,,,,,,,,,,,,,,,
44,39.867429019,1778816733.7597177,43,0.5169954299926758,0.5169464945793152,4.891445132670924e-05,,,,,,,,,,,,,,,,,,,,,,,,,,,,,,
45,39.980354174,1778816733.872717,44,0.5082460641860962,0.5081957578659058,5.028749365010299e-05,,,,,,,,,,,,,,,,,,,,,,,,,,,,,,
46,40.070641045,1778816733.963047,45,0.5051347613334656,0.5050829648971558,5.180530570214614e-05,,,,,,,,,,,,,,,,,,,,,,,,,,,,,,
47,40.160137031,1778816734.0524662,46,0.4973575472831726,0.49730435013771057,5.318455441738479e-05,,,,,,,,,,,,,,,,,,,,,,,,,,,,,,
48,40.249741625,1778816734.1420753,47,0.4873935878276825,0.4873389005661011,5.469045936479233e-05,,,,,,,,,,,,,,,,,,,,,,,,,,,,,,
49,40.338913422,1778816734.2312043,48,0.48533380031585693,0.4852776527404785,5.613418034045026e-05,,,,,,,,,,,,,,,,,,,,,,,,,,,,,,
50,40.435708877,1778816734.3279867,49,0.47722160816192627,0.4771639406681061,5.765908645116724e-05,,,,,,,,,,,,,,,,,,,,,,,,,,,,,,
51,40.526533574,1778816734.4188066,50,0.4704146087169647,0.4703555107116699,5.90953859500587e-05,,,,,,,,,,,,,,,,,,,,,,,,,,,,,,
52,40.619910398,1778816734.5121067,51,0.4663439095020294,0.4662832021713257,6.070742892916314e-05,,,,,,,,,,,,,,,,,,,,,,,,,,,,,,
53,40.709467951,1778816734.601752,52,0.46362069249153137,0.4635583460330963,6.233657040866092e-05,,,,,,,,,,,,,,,,,,,,,,,,,,,,,,
54,40.799501387,1778816734.6919408,53,0.4543512463569641,0.4542873501777649,6.390172347892076e-05,,,,,,,,,,,,,,,,,,,,,,,,,,,,,,
55,40.889906523,1778816734.7822165,54,0.4470488131046295,0.4469833970069885,6.542787014041096e-05,,,,,,,,,,,,,,,,,,,,,,,,,,,,,,
56,40.980490258,1778816734.8731503,55,0.4441101551055908,0.44404304027557373,6.711071910103783e-05,,,,,,,,,,,,,,,,,,,,,,,,,,,,,,
57,41.069188633,1778816734.961765,56,0.4348129630088806,0.4347441494464874,6.881376612000167e-05,,,,,,,,,,,,,,,,,,,,,,,,,,,,,,
58,41.160652382,1778816735.0529609,57,0.4312945306301117,0.4312240481376648,7.04923877492547e-05,,,,,,,,,,,,,,,,,,,,,,,,,,,,,,
59,41.258037729,1778816735.150332,58,0.4252932071685791,0.42522120475769043,7.200718391686678e-05,,,,,,,,,,,,,,,,,,,,,,,,,,,,,,
60,41.348394408,1778816735.2407384,59,0.4225897789001465,0.4225161075592041,7.366861973423511e-05,,,,,,,,,,,,,,,,,,,,,,,,,,,,,,
61,41.438607630999996,1778816735.3309715,60,0.41484665870666504,0.41477149724960327,7.517421181546524e-05,,,,,,,,,,,,,,,,,,,,,,,,,,,,,,
62,51.89054833,1778816745.7812486,60,,,,0.001684120623394847,0.006042089778929949,0.012414244934916496,0.025710241869091988,0.05764329433441162,0.009041591547429562,0.005063292104750872,0.005605785176157951,0.005153704434633255,0.004339961335062981,0.009041591547429562,0.006915272679179907,0.009201074950397015,0.013735485263168812,0.02273910865187645,0.001684120623394847,0.00299541256390512,0.003830424277111888,0.0048034111969172955,0.005928623955696821,0.009041591547429562,0.01407474372535944,0.01804371550679207,0.021202296018600464,0.02483510971069336,0.009041591547429562,0.025316456332802773,0.05605786666274071,0.10307414084672928,0.21699818968772888
63,58.578605202,1778816752.4708729,61,0.4095328152179718,0.40945565700531006,7.714716048212722e-05,,,,,,,,,,,,,,,,,,,,,,,,,,,,,,
64,58.66881136,1778816752.5615063,62,0.4102000892162323,0.41012126207351685,7.883710350142792e-05,,,,,,,,,,,,,,,,,,,,,,,,,,,,,,
65,58.758985848,1778816752.6514618,63,0.4024274945259094,0.4023469388484955,8.054968930082396e-05,,,,,,,,,,,,,,,,,,,,,,,,,,,,,,
66,58.848139935,1778816752.7404852,64,0.3970898687839508,0.3970077931880951,8.207988867070526e-05,,,,,,,,,,,,,,,,,,,,,,,,,,,,,,
67,58.93809424,1778816752.8305588,65,0.3882637321949005,0.3881798982620239,8.382953092223033e-05,,,,,,,,,,,,,,,,,,,,,,,,,,,,,,
68,59.030259052,1778816752.9221556,66,0.3835780620574951,0.38349252939224243,8.553743100492284e-05,,,,,,,,,,,,,,,,,,,,,,,,,,,,,,
69,59.124861822,1778816753.0170937,67,0.3738648593425751,0.3737776279449463,8.724003419047222e-05,,,,,,,,,,,,,,,,,,,,,,,,,,,,,,
70,59.216602246,1778816753.1087952,68,0.3743627965450287,0.3742738366127014,8.897214866010472e-05,,,,,,,,,,,,,,,,,,,,,,,,,,,,,,
71,59.307475862,1778816753.1998887,69,0.3710128664970398,0.3709220588207245,9.081422467716038e-05,,,,,,,,,,,,,,,,,,,,,,,,,,,,,,
72,59.40005666,1778816753.2920861,70,0.3691026270389557,0.369010329246521,9.230293653672561e-05,,,,,,,,,,,,,,,,,,,,,,,,,,,,,,
73,59.490917616,1778816753.3829546,71,0.3635818660259247,0.36348769068717957,9.418961417395622e-05,,,,,,,,,,,,,,,,,,,,,,,,,,,,,,
74,59.580501008,1778816753.472712,72,0.35721710324287415,0.3571212887763977,9.580498590366915e-05,,,,,,,,,,,,,,,,,,,,,,,,,,,,,,
75,59.671024187,1778816753.5631092,73,0.3478153347969055,0.34771764278411865,9.76924566202797e-05,,,,,,,,,,,,,,,,,,,,,,,,,,,,,,
76,59.760110262,1778816753.6522434,74,0.34462156891822815,0.3445221185684204,9.943913028109819e-05,,,,,,,,,,,,,,,,,,,,,,,,,,,,,,
77,59.851047978,1778816753.7433975,75,0.3407527208328247,0.3406515419483185,0.00010118583304574713,,,,,,,,,,,,,,,,,,,,,,,,,,,,,,
78,59.941496348,1778816753.8335803,76,0.33771562576293945,0.3376125991344452,0.00010301905422238633,,,,,,,,,,,,,,,,,,,,,,,,,,,,,,
79,60.032193632,1778816753.9245017,77,0.3266375660896301,0.32653266191482544,0.00010490016575204208,,,,,,,,,,,,,,,,,,,,,,,,,,,,,,
80,60.121733955,1778816754.0140202,78,0.3324999213218689,0.3323934078216553,0.00010651498450897634,,,,,,,,,,,,,,,,,,,,,,,,,,,,,,
81,60.214256498,1778816754.106352,79,0.3193638026714325,0.3192555010318756,0.00010831346298800781,,,,,,,,,,,,,,,,,,,,,,,,,,,,,,
82,60.305605049,1778816754.1979396,80,0.31604206562042236,0.31593194603919983,0.00011013291805284098,,,,,,,,,,,,,,,,,,,,,,,,,,,,,,
83,71.249983835,1778816765.1412835,80,,,,0.0014580808347091079,0.0041147819720208645,0.01453322358429432,0.027470482513308525,0.06728346645832062,0.007233273237943649,0.004701628349721432,0.005967448465526104,0.005424951668828726,0.004954788833856583,0.007233273237943649,0.005985784810036421,0.009616370312869549,0.014008229598402977,0.02496553584933281,0.0014580808347091079,0.002295602345839143,0.0036925298627465963,0.004555983003228903,0.005913253873586655,0.007233273237943649,0.0128390584141016,0.017453860491514206,0.020656947046518326,0.024839766323566437,0.007233273237943649,0.023508137091994286,0.05967450141906738,0.10849909484386444,0.24773959815502167
84,71.338708874,1778816765.2311711,81,0.31532150506973267,0.31520968675613403,0.00011183090828126296,,,,,,,,,,,,,,,,,,,,,,,,,,,,,,
85,71.426947519,1778816765.3194294,82,0.3088243305683136,0.3087102770805359,0.00011405444820411503,,,,,,,,,,,,,,,,,,,,,,,,,,,,,,
86,71.518850757,1778816765.4113595,83,0.30624690651893616,0.3061310946941376,0.00011581405124161392,,,,,,,,,,,,,,,,,,,,,,,,,,,,,,
87,71.610157649,1778816765.5024884,84,0.29413118958473206,0.2940135598182678,0.00011763664952013642,,,,,,,,,,,,,,,,,,,,,,,,,,,,,,
88,71.700846334,1778816765.5932667,85,0.29819634556770325,0.2980767488479614,0.00011960788106080145,,,,,,,,,,,,,,,,,,,,,,,,,,,,,,
89,71.798637898,1778816765.6911108,86,0.2892739474773407,0.2891520857810974,0.0001218614197568968,,,,,,,,,,,,,,,,,,,,,,,,,,,,,,
90,71.890213934,1778816765.7824526,87,0.29066452383995056,0.2905415892601013,0.00012293909094296396,,,,,,,,,,,,,,,,,,,,,,,,,,,,,,
91,71.980581739,1778816765.8725848,88,0.27999964356422424,0.2798747420310974,0.00012491433881223202,,,,,,,,,,,,,,,,,,,,,,,,,,,,,,
92,72.078045699,1778816765.970362,89,0.278719425201416,0.27859288454055786,0.00012654939200729132,,,,,,,,,,,,,,,,,,,,,,,,,,,,,,
93,72.171032513,1778816766.0634766,90,0.27682051062583923,0.2766913175582886,0.0001292005617870018,,,,,,,,,,,,,,,,,,,,,,,,,,,,,,
94,72.262861778,1778816766.1549203,91,0.2693884074687958,0.26925796270370483,0.0001304348261328414,,,,,,,,,,,,,,,,,,,,,,,,,,,,,,
95,72.353233394,1778816766.245541,92,0.2640513777732849,0.26391875743865967,0.00013263309665489942,,,,,,,,,,,,,,,,,,,,,,,,,,,,,,
96,72.44400074,1778816766.3365524,93,0.26184186339378357,0.26170721650123596,0.00013464066432788968,,,,,,,,,,,,,,,,,,,,,,,,,,,,,,
97,72.534915089,1778816766.4271355,94,0.2591307759284973,0.258994460105896,0.0001363062037853524,,,,,,,,,,,,,,,,,,,,,,,,,,,,,,
98,72.624946376,1778816766.5173812,95,0.2551921010017395,0.2550538182258606,0.00013828832015860826,,,,,,,,,,,,,,,,,,,,,,,,,,,,,,
99,72.714396553,1778816766.6068041,96,0.24952420592308044,0.2493840754032135,0.00014012970495969057,,,,,,,,,,,,,,,,,,,,,,,,,,,,,,
100,72.805423077,1778816766.6979153,97,0.24731314182281494,0.2471712827682495,0.00014185930194798857,,,,,,,,,,,,,,,,,,,,,,,,,,,,,,
101,72.89447578,1778816766.786842,98,0.24818409979343414,0.2480398714542389,0.00014422627282328904,,,,,,,,,,,,,,,,,,,,,,,,,,,,,,
102,72.99327605,1778816766.8856907,99,0.24206757545471191,0.2419217824935913,0.00014579578419215977,,,,,,,,,,,,,,,,,,,,,,,,,,,,,,
103,73.082821052,1778816766.9751365,100,0.23703262209892273,0.23688477277755737,0.00014784758968744427,,,,,,,,,,,,,,,,,,,,,,,,,,,,,,
104,84.11027423,1778816778.0013158,100,,,,0.0014580808347091079,0.007662530057132244,0.01627495139837265,0.032168250530958176,0.07379338145256042,0.007233273237943649,0.006148282904177904,0.005786616820842028,0.005696199834346771,0.005135620478540659,0.007233273237943649,0.008049916476011276,0.010915497317910194,0.016294650733470917,0.02785150520503521,0.0014580808347091079,0.003448258154094219,0.0046831658110022545,0.005854002200067043,0.0072447205893695354,0.007233273237943649,0.01512959599494934,0.01876632682979107,0.022665228694677353,0.027242569252848625,0.007233273237943649,0.030741410329937935,0.057866185903549194,0.1139240488409996,0.2567811906337738
105,84.23652322,1778816778.128838,101,0.2323107123374939,0.23216089606285095,0.0001498181518400088,,,,,,,,,,,,,,,,,,,,,,,,,,,,,,
106,84.327996526,1778816778.2203,102,0.22863616049289703,0.22848471999168396,0.0001514359755674377,,,,,,,,,,,,,,,,,,,,,,,,,,,,,,
107,84.419228705,1778816778.3115847,103,0.2286420613527298,0.22848817706108093,0.0001538890355732292,,,,,,,,,,,,,,,,,,,,,,,,,,,,,,
108,84.511300962,1778816778.403591,104,0.22605691850185394,0.2259015142917633,0.00015540247841272503,,,,,,,,,,,,,,,,,,,,,,,,,,,,,,
109,84.602603287,1778816778.4950445,105,0.22678032517433167,0.2266225814819336,0.0001577426155563444,,,,,,,,,,,,,,,,,,,,,,,,,,,,,,
110,84.692865893,1778816778.5853941,106,0.21853414177894592,0.21837443113327026,0.0001597063528606668,,,,,,,,,,,,,,,,,,,,,,,,,,,,,,
111,84.786067615,1778816778.6780093,107,0.21723364293575287,0.21707214415073395,0.00016149251314345747,,,,,,,,,,,,,,,,,,,,,,,,,,,,,,
112,84.877281958,1778816778.7694876,108,0.21568435430526733,0.21552082896232605,0.0001635247317608446,,,,,,,,,,,,,,,,,,,,,,,,,,,,,,
113,84.983958549,1778816778.8764532,109,0.20851625502109528,0.20835071802139282,0.00016553408931940794,,,,,,,,,,,,,,,,,,,,,,,,,,,,,,
114,85.076913393,1778816778.9691947,110,0.20792359113693237,0.20775647461414337,0.0001671210484346375,,,,,,,,,,,,,,,,,,,,,,,,,,,,,,
115,85.16799703,1778816779.0605924,111,0.20569130778312683,0.205522358417511,0.00016895457520149648,,,,,,,,,,,,,,,,,,,,,,,,,,,,,,
116,85.257912094,1778816779.1502044,112,0.2036788910627365,0.2035074084997177,0.0001714815734885633,,,,,,,,,,,,,,,,,,,,,,,,,,,,,,
117,85.349104191,1778816779.2414227,113,0.2040337175130844,0.2038605809211731,0.00017313106218352914,,,,,,,,,,,,,,,,,,,,,,,,,,,,,,
118,85.440528179,1778816779.3327498,114,0.1948104202747345,0.19463513791561127,0.00017527645104564726,,,,,,,,,,,,,,,,,,,,,,,,,,,,,,
119,85.528591939,1778816779.4209583,115,0.19575302302837372,0.19557543098926544,0.00017758789181243628,,,,,,,,,,,,,,,,,,,,,,,,,,,,,,
120,85.622558053,1778816779.5151396,116,0.19462396204471588,0.19444479048252106,0.00017916753131430596,,,,,,,,,,,,,,,,,,,,,,,,,,,,,,
121,85.71774536,1778816779.6101341,117,0.18654213845729828,0.1863608956336975,0.00018125002679880708,,,,,,,,,,,,,,,,,,,,,,,,,,,,,,
122,85.820474579,1778816779.7130187,118,0.1850631982088089,0.18488001823425293,0.0001831772387959063,,,,,,,,,,,,,,,,,,,,,,,,,,,,,,
123,85.908984807,1778816779.801304,119,0.18321798741817474,0.1830337941646576,0.0001841941411839798,,,,,,,,,,,,,,,,,,,,,,,,,,,,,,
124,86.004685423,1778816779.8970518,120,0.18478475511074066,0.18459808826446533,0.0001866622915258631,,,,,,,,,,,,,,,,,,,,,,,,,,,,,,
125,96.807756975,1778816790.6994877,120,,,,0.0014580808347091079,0.010347683914005756,0.019966932013630867,0.03669407591223717,0.08159001916646957,0.007233273237943649,0.007233273703604937,0.006329111754894257,0.006509941536933184,0.005497283767908812,0.007233273237943649,0.00987881887704134,0.012854362837970257,0.018721047788858414,0.030819615349173546,0.0014580808347091079,0.004559389781206846,0.005794405937194824,0.006988667882978916,0.008503828197717667,0.007233273237943649,0.016907773911952972,0.020375870168209076,0.024716947227716446,0.029186196625232697,0.007233273237943649,0.036166366189718246,0.06329113990068436,0.1301989108324051,0.2748643755912781
126,96.89735843,1778816790.789846,121,0.18267332017421722,0.1824849396944046,0.00018838656251318753,,,,,,,,,,,,,,,,,,,,,,,,,,,,,,
127,96.98663985499999,1778816790.8791752,122,0.17517955601215363,0.1749885082244873,0.0001910526043502614,,,,,,,,,,,,,,,,,,,,,,,,,,,,,,
128,97.094103085,1778816790.9865553,123,0.17615805566310883,0.17596501111984253,0.00019304057059343904,,,,,,,,,,,,,,,,,,,,,,,,,,,,,,
129,97.183584298,1778816791.075808,124,0.17401380836963654,0.17381927371025085,0.00019454093126114458,,,,,,,,,,,,,,,,,,,,,,,,,,,,,,
130,97.284325594,1778816791.1764245,125,0.1708984225988388,0.17070218920707703,0.00019623592379502952,,,,,,,,,,,,,,,,,,,,,,,,,,,,,,
131,97.391267886,1778816791.2835212,126,0.16539408266544342,0.16519591212272644,0.00019816642452497035,,,,,,,,,,,,,,,,,,,,,,,,,,,,,,
132,97.520469328,1778816791.4125803,127,0.16702666878700256,0.16682642698287964,0.00020023711840622127,,,,,,,,,,,,,,,,,,,,,,,,,,,,,,
133,97.618757461,1778816791.5110898,128,0.1679084599018097,0.16770660877227783,0.00020184855384286493,,,,,,,,,,,,,,,,,,,,,,,,,,,,,,
134,97.723753041,1778816791.6162157,129,0.1633964478969574,0.16319279372692108,0.0002036574442172423,,,,,,,,,,,,,,,,,,,,,,,,,,,,,,
135,97.819326822,1778816791.7116816,130,0.15957681834697723,0.15937137603759766,0.00020544278959278017,,,,,,,,,,,,,,,,,,,,,,,,,,,,,,
136,97.911381336,1778816791.803739,131,0.160792276263237,0.16058535873889923,0.00020691573445219547,,,,,,,,,,,,,,,,,,,,,,,,,,,,,,
137,98.016338159,1778816791.9088738,132,0.1530863344669342,0.15287655591964722,0.00020977553504053503,,,,,,,,,,,,,,,,,,,,,,,,,,,,,,
138,98.10521901,1778816791.9976082,133,0.1525249034166336,0.15231341123580933,0.00021148605446796864,,,,,,,,,,,,,,,,,,,,,,,,,,,,,,
139,98.211123497,1778816792.1036127,134,0.1540539562702179,0.15384075045585632,0.00021320661471690983,,,,,,,,,,,,,,,,,,,,,,,,,,,,,,
140,98.304648034,1778816792.196845,135,0.15450400114059448,0.15428930521011353,0.00021468877093866467,,,,,,,,,,,,,,,,,,,,,,,,,,,,,,
141,98.394385931,1778816792.2867143,136,0.15108071267604828,0.1508641541004181,0.00021655399177689105,,,,,,,,,,,,,,,,,,,,,,,,,,,,,,
142,98.501381695,1778816792.393549,137,0.14721326529979706,0.14699435234069824,0.00021890923380851746,,,,,,,,,,,,,,,,,,,,,,,,,,,,,,
143,98.593026057,1778816792.4854138,138,0.14845223724842072,0.1482323408126831,0.00021989458764437586,,,,,,,,,,,,,,,,,,,,,,,,,,,,,,
144,98.683909995,1778816792.5761418,139,0.1465623676776886,0.14634083211421967,0.00022153867757879198,,,,,,,,,,,,,,,,,,,,,,,,,,,,,,
145,98.774937461,1778816792.6671605,140,0.14263109862804413,0.14240692555904388,0.00022417768195737153,,,,,,,,,,,,,,,,,,,,,,,,,,,,,,
146,109.65225424,1778816803.5441978,140,,,,0.002103908685967326,0.0123066958039999,0.023493150249123573,0.03960317373275757,0.08074961602687836,0.007233273237943649,0.008318264037370682,0.007233269978314638,0.007052436470985413,0.005497283767908812,0.007233273237943649,0.012041401118040085,0.015593254938721657,0.021374322474002838,0.03257137909531593,0.002103908685967326,0.0061813839711248875,0.007573788985610008,0.008747284300625324,0.010226837359368801,0.007233273237943649,0.020012054592370987,0.02390998788177967,0.028414705768227577,0.03267386183142662,0.007233273237943649,0.04159132018685341,0.07233273237943649,0.14104881882667542,0.2748643755912781
147,116.643400281,1778816810.5352583,141,0.13760891556739807,0.13738290965557098,0.00022600010561291128,,,,,,,,,,,,,,,,,,,,,,,,,,,,,,
148,116.73238495,1778816810.6248355,142,0.14037157595157623,0.14014403522014618,0.0002275368315167725,,,,,,,,,,,,,,,,,,,,,,,,,,,,,,
149,116.822700169,1778816810.7149315,143,0.13990208506584167,0.1396726667881012,0.0002294121077284217,,,,,,,,,,,,,,,,,,,,,,,,,,,,,,
150,116.911291488,1778816810.803828,144,0.13447345793247223,0.134242445230484,0.00023100768157746643,,,,,,,,,,,,,,,,,,,,,,,,,,,,,,
151,117.001057771,1778816810.893718,145,0.13633759319782257,0.1361044943332672,0.0002330973802600056,,,,,,,,,,,,,,,,,,,,,,,,,,,,,,
152,117.089088234,1778816810.9815094,146,0.12735030055046082,0.12711487710475922,0.00023541947302874178,,,,,,,,,,,,,,,,,,,,,,,,,,,,,,
153,117.177739897,1778816811.069884,147,0.1323377788066864,0.13210144639015198,0.0002363326639169827,,,,,,,,,,,,,,,,,,,,,,,,,,,,,,
154,117.266304584,1778816811.1587925,148,0.12869368493556976,0.12845468521118164,0.0002390063600614667,,,,,,,,,,,,,,,,,,,,,,,,,,,,,,
155,117.354359313,1778816811.2469575,149,0.13328717648983002,0.13304735720157623,0.00023981368576642126,,,,,,,,,,,,,,,,,,,,,,,,,,,,,,
156,117.442961242,1778816811.335076,150,0.13002575933933258,0.12978392839431763,0.00024182895140256733,,,,,,,,,,,,,,,,,,,,,,,,,,,,,,
157,117.539866112,1778816811.4321322,151,0.12506143748760223,0.12481764703989029,0.00024378859961871058,,,,,,,,,,,,,,,,,,,,,,,,,,,,,,
158,117.629414278,1778816811.5215783,152,0.12676973640918732,0.12652434408664703,0.00024538784055039287,,,,,,,,,,,,,,,,,,,,,,,,,,,,,,
159,117.718763526,1778816811.6111495,153,0.12725824117660522,0.12701141834259033,0.00024682219373062253,,,,,,,,,,,,,,,,,,,,,,,,,,,,,,
160,117.809472188,1778816811.7016726,154,0.1219879612326622,0.12173861265182495,0.0002493450010661036,,,,,,,,,,,,,,,,,,,,,,,,,,,,,,
161,117.897434913,1778816811.7896812,155,0.12124604731798172,0.12099616229534149,0.00024988630320876837,,,,,,,,,,,,,,,,,,,,,,,,,,,,,,
162,117.993968854,1778816811.8864105,156,0.12037854641675949,0.12012683600187302,0.00025170721346512437,,,,,,,,,,,,,,,,,,,,,,,,,,,,,,
163,118.084657292,1778816811.9767547,157,0.11176910996437073,0.11151573061943054,0.00025337832630611956,,,,,,,,,,,,,,,,,,,,,,,,,,,,,,
164,118.176133549,1778816812.068444,158,0.11559195071458817,0.11533640325069427,0.00025554888998158276,,,,,,,,,,,,,,,,,,,,,,,,,,,,,,
165,118.265222984,1778816812.1575282,159,0.11413789540529251,0.11388024687767029,0.00025764963356778026,,,,,,,,,,,,,,,,,,,,,,,,,,,,,,
166,118.362161931,1778816812.2544022,160,0.11276587098836899,0.11250682175159454,0.00025904594804160297,,,,,,,,,,,,,,,,,,,,,,,,,,,,,,
167,128.811300015,1778816822.702597,160,,,,0.0011997496476396918,0.012366972863674164,0.025745658203959465,0.04135044291615486,0.08424714207649231,0.005424954928457737,0.008679927326738834,0.008318261243402958,0.0074141002260148525,0.005750447977334261,0.005424954928457737,0.011633253656327724,0.016294514760375023,0.02182161994278431,0.03339840844273567,0.0011997496476396918,0.005662999581545591,0.007473628968000412,0.00856859516352415,0.010075096040964127,0.005424954928457737,0.019168172031641006,0.02431829273700714,0.028493203222751617,0.03274979442358017,0.005424954928457737,0.043399639427661896,0.08318264037370682,0.14828209578990936,0.2875226140022278
168,128.90629794,1778816822.7988768,161,0.10922588407993317,0.10896512120962143,0.00026076240465044975,,,,,,,,,,,,,,,,,,,,,,,,,,,,,,
169,128.995820293,1778816822.8885276,162,0.1098642647266388,0.10960214585065842,0.00026211809017695487,,,,,,,,,,,,,,,,,,,,,,,,,,,,,,
170,129.085722018,1778816822.9782026,163,0.11003000289201736,0.10976560413837433,0.00026439951034262776,,,,,,,,,,,,,,,,,,,,,,,,,,,,,,
171,129.175852288,1778816823.0681198,164,0.11128527671098709,0.11101987957954407,0.000265400274656713,,,,,,,,,,,,,,,,,,,,,,,,,,,,,,
172,129.264837378,1778816823.1574845,165,0.11112872511148453,0.11086137592792511,0.00026734679704532027,,,,,,,,,,,,,,,,,,,,,,,,,,,,,,
173,129.360232906,1778816823.252428,166,0.10715940594673157,0.10689057409763336,0.0002688349050004035,,,,,,,,,,,,,,,,,,,,,,,,,,,,,,
174,129.459247023,1778816823.351685,167,0.10405758768320084,0.1037866398692131,0.00027094685356132686,,,,,,,,,,,,,,,,,,,,,,,,,,,,,,
175,129.549440058,1778816823.4415245,168,0.10765406489372253,0.10738234221935272,0.00027172197587788105,,,,,,,,,,,,,,,,,,,,,,,,,,,,,,
176,129.641360906,1778816823.5335863,169,0.10176508128643036,0.10149149596691132,0.0002735879388637841,,,,,,,,,,,,,,,,,,,,,,,,,,,,,,
177,129.732338888,1778816823.6246457,170,0.10418423265218735,0.10390949994325638,0.00027473579393699765,,,,,,,,,,,,,,,,,,,,,,,,,,,,,,
178,129.823836207,1778816823.715977,171,0.10546299815177917,0.10518607497215271,0.0002769236743915826,,,,,,,,,,,,,,,,,,,,,,,,,,,,,,
179,129.915019077,1778816823.8075266,172,0.10319679975509644,0.10291877388954163,0.00027802676777355373,,,,,,,,,,,,,,,,,,,,,,,,,,,,,,
180,130.005316839,1778816823.897608,173,0.10369814932346344,0.10341844707727432,0.0002797050110530108,,,,,,,,,,,,,,,,,,,,,,,,,,,,,,
181,130.095541699,1778816823.9879425,174,0.09621807932853699,0.09593647718429565,0.0002816037740558386,,,,,,,,,,,,,,,,,,,,,,,,,,,,,,
182,130.18879003199999,1778816824.0809834,175,0.10016359388828278,0.09988074004650116,0.0002828525030054152,,,,,,,,,,,,,,,,,,,,,,,,,,,,,,
183,130.282564249,1778816824.1750183,176,0.09603433310985565,0.09574968367815018,0.00028464681236073375,,,,,,,,,,,,,,,,,,,,,,,,,,,,,,
184,130.378334045,1778816824.270961,177,0.09555163979530334,0.09526516497135162,0.0002864743582904339,,,,,,,,,,,,,,,,,,,,,,,,,,,,,,
185,130.472268797,1778816824.364349,178,0.09122391790151596,0.09093594551086426,0.00028797390405088663,,,,,,,,,,,,,,,,,,,,,,,,,,,,,,
186,130.568897789,1778816824.4609635,179,0.0929577499628067,0.09266839176416397,0.0002893597702495754,,,,,,,,,,,,,,,,,,,,,,,,,,,,,,
187,130.663086287,1778816824.555372,180,0.09356047213077545,0.09326991438865662,0.0002905574219767004,,,,,,,,,,,,,,,,,,,,,,,,,,,,,,
188,141.327899878,1778816835.2195115,180,,,,0.0031436916906386614,0.015189958736300468,0.02484149858355522,0.04365389049053192,0.08764767646789551,0.007233273237943649,0.01084990706294775,0.008137430064380169,0.007504516746848822,0.005858947057276964,0.007233273237943649,0.014175445772707462,0.016994351521134377,0.02346920594573021,0.03526478633284569,0.0031436916906386614,0.0072860862128436565,0.008554757572710514,0.009905913844704628,0.011455360800027847,0.007233273237943649,0.022814946249127388,0.026166794821619987,0.030645281076431274,0.03507028520107269,0.007233273237943649,0.05424954742193222,0.08137432485818863,0.15009041130542755,0.29294756054878235
189,148.072940724,1778816841.9648433,181,0.09427054226398468,0.09397748857736588,0.00029305057250894606,,,,,,,,,,,,,,,,,,,,,,,,,,,,,,
190,148.170582,1778816842.0627475,182,0.09358256310224533,0.09328833967447281,0.00029422450461424887,,,,,,,,,,,,,,,,,,,,,,,,,,,,,,
191,148.260540884,1778816842.1528466,183,0.09248338639736176,0.09218779951334,0.0002955839445348829,,,,,,,,,,,,,,,,,,,,,,,,,,,,,,
192,148.350399525,1778816842.2425,184,0.0907040610909462,0.09040623903274536,0.0002978237171191722,,,,,,,,,,,,,,,,,,,,,,,,,,,,,,
193,148.443969576,1778816842.3362675,185,0.09237713366746902,0.09207808971405029,0.0002990454086102545,,,,,,,,,,,,,,,,,,,,,,,,,,,,,,
194,148.53560843,1778816842.427924,186,0.09008649736642838,0.08978637307882309,0.0003001221630256623,,,,,,,,,,,,,,,,,,,,,,,,,,,,,,
195,148.626078436,1778816842.5183988,187,0.08469938486814499,0.08439722657203674,0.00030215526930987835,,,,,,,,,,,,,,,,,,,,,,,,,,,,,,
196,148.714490698,1778816842.6067703,188,0.08732568472623825,0.08702276647090912,0.00030291761504486203,,,,,,,,,,,,,,,,,,,,,,,,,,,,,,
197,148.804985178,1778816842.6972983,189,0.08634962141513824,0.08604484796524048,0.00030477260588668287,,,,,,,,,,,,,,,,,,,,,,,,,,,,,,
198,148.893413837,1778816842.7857592,190,0.08707059919834137,0.08676424622535706,0.00030635547591373324,,,,,,,,,,,,,,,,,,,,,,,,,,,,,,
199,148.982002386,1778816842.8745058,191,0.08385894447565079,0.0835503339767456,0.00030861329287290573,,,,,,,,,,,,,,,,,,,,,,,,,,,,,,
200,149.081168913,1778816842.9733164,192,0.08172817528247833,0.08141865581274033,0.0003095199936069548,,,,,,,,,,,,,,,,,,,,,,,,,,,,,,
201,149.198901928,1778816843.0908134,193,0.08612840622663498,0.08581700921058655,0.00031139954808168113,,,,,,,,,,,,,,,,,,,,,,,,,,,,,,
202,149.287513828,1778816843.179906,194,0.08256984502077103,0.08225686103105545,0.00031298171961680055,,,,,,,,,,,,,,,,,,,,,,,,,,,,,,
203,149.376725166,1778816843.2689416,195,0.08042845129966736,0.08011427521705627,0.00031417448190040886,,,,,,,,,,,,,,,,,,,,,,,,,,,,,,
204,149.466445001,1778816843.3586812,196,0.08047081530094147,0.08015535026788712,0.0003154632868245244,,,,,,,,,,,,,,,,,,,,,,,,,,,,,,
205,149.555113911,1778816843.447488,197,0.07879434525966644,0.07847777754068375,0.00031656931969337165,,,,,,,,,,,,,,,,,,,,,,,,,,,,,,
206,149.644923534,1778816843.5371804,198,0.08106523752212524,0.08074601739645004,0.0003192206786479801,,,,,,,,,,,,,,,,,,,,,,,,,,,,,,
207,149.733961707,1778816843.6264157,199,0.07697323709726334,0.07665343582630157,0.0003197977493982762,,,,,,,,,,,,,,,,,,,,,,,,,,,,,,
208,149.822762465,1778816843.7151241,200,0.07775957882404327,0.0774383693933487,0.0003212082665413618,,,,,,,,,,,,,,,,,,,,,,,,,,,,,,
209,160.24732513,1778816854.1389587,200,,,,0.004047850612550974,0.014379738830029964,0.026695024222135544,0.04296507313847542,0.08701828122138977,0.009041591547429562,0.010488243773579597,0.008679923601448536,0.007504516746848822,0.005858947057276964,0.009041591547429562,0.014439146965742111,0.018373461440205574,0.023951729759573936,0.035819508135318756,0.004047850612550974,0.007688047364354134,0.009368916973471642,0.010509276762604713,0.012031380087137222,0.009041591547429562,0.02441229298710823,0.02873862534761429,0.03278670459985733,0.037216197699308395,0.009041591547429562,0.052441228181123734,0.08679927885532379,0.15009041130542755,0.29294756054878235
210,160.367594686,1778816854.2599976,201,0.07757218182086945,0.07724998891353607,0.00032219465356320143,,,,,,,,,,,,,,,,,,,,,,,,,,,,,,
211,160.458447419,1778816854.3505218,202,0.0757594108581543,0.07543514668941498,0.0003242653619963676,,,,,,,,,,,,,,,,,,,,,,,,,,,,,,
212,160.547313552,1778816854.439784,203,0.07738615572452545,0.07706062495708466,0.0003255291376262903,,,,,,,,,,,,,,,,,,,,,,,,,,,,,,
213,160.636994023,1778816854.5291584,204,0.07880163937807083,0.07847435772418976,0.0003272839239798486,,,,,,,,,,,,,,,,,,,,,,,,,,,,,,
214,160.72936244,1778816854.6215627,205,0.07470535486936569,0.07437710464000702,0.000328248628647998,,,,,,,,,,,,,,,,,,,,,,,,,,,,,,
215,160.818787931,1778816854.7112198,206,0.07429151982069016,0.07396167516708374,0.0003298414230812341,,,,,,,,,,,,,,,,,,,,,,,,,,,,,,
216,160.910903354,1778816854.8029642,207,0.07142797857522964,0.07109679281711578,0.0003311854088678956,,,,,,,,,,,,,,,,,,,,,,,,,,,,,,
217,161.001568148,1778816854.8938265,208,0.073368139564991,0.07303524017333984,0.00033290169085375965,,,,,,,,,,,,,,,,,,,,,,,,,,,,,,
218,161.091888552,1778816854.9844046,209,0.07093898206949234,0.07060516625642776,0.0003338144742883742,,,,,,,,,,,,,,,,,,,,,,,,,,,,,,
219,161.181883002,1778816855.0737405,210,0.07222069054841995,0.0718860924243927,0.00033459917176514864,,,,,,,,,,,,,,,,,,,,,,,,,,,,,,
220,161.272011465,1778816855.1645582,211,0.07003587484359741,0.0696997120976448,0.000336164579493925,,,,,,,,,,,,,,,,,,,,,,,,,,,,,,
221,161.361032094,1778816855.2534866,212,0.06994505971670151,0.06960639357566833,0.00033866293961182237,,,,,,,,,,,,,,,,,,,,,,,,,,,,,,
222,161.454468148,1778816855.3468294,213,0.07213788479566574,0.07179860770702362,0.0003392741200514138,,,,,,,,,,,,,,,,,,,,,,,,,,,,,,
223,161.543583837,1778816855.435843,214,0.06912697106599808,0.06878621876239777,0.0003407516342122108,,,,,,,,,,,,,,,,,,,,,,,,,,,,,,
224,161.639066771,1778816855.5314505,215,0.07190389186143875,0.07156167924404144,0.0003422090958338231,,,,,,,,,,,,,,,,,,,,,,,,,,,,,,
225,161.727862568,1778816855.6201096,216,0.06687811762094498,0.06653384119272232,0.0003442763118073344,,,,,,,,,,,,,,,,,,,,,,,,,,,,,,
226,161.824216132,1778816855.7168322,217,0.06369302421808243,0.06334837526082993,0.0003446518094278872,,,,,,,,,,,,,,,,,,,,,,,,,,,,,,
227,161.913906314,1778816855.805953,218,0.06440727412700653,0.0640617311000824,0.0003455416881479323,,,,,,,,,,,,,,,,,,,,,,,,,,,,,,
228,162.008858221,1778816855.901307,219,0.06393837928771973,0.06359057128429413,0.00034780887654051185,,,,,,,,,,,,,,,,,,,,,,,,,,,,,,
229,162.09866606,1778816855.9910684,220,0.0641743466258049,0.06382562220096588,0.0003487258800305426,,,,,,,,,,,,,,,,,,,,,,,,,,,,,,
230,171.968679051,1778816865.8603802,220,,,,0.004047850612550974,0.014831818640232086,0.02676735632121563,0.04491906240582466,0.08724632859230042,0.009041591547429562,0.010488243773579597,0.0088607557117939,0.0075949328020215034,0.005931279622018337,0.009041591547429562,0.01418771967291832,0.018187258392572403,0.024128442630171776,0.03566787764430046,0.004047850612550974,0.007490890100598335,0.009114651009440422,0.010392643511295319,0.011800810694694519,0.009041591547429562,0.023447858169674873,0.02794927917420864,0.03201001510024071,0.03638317808508873,0.009041591547429562,0.052441228181123734,0.08860759437084198,0.15189872682094574,0.2965641915798187
231,172.059563575,1778816865.9519699,221,0.06353699415922165,0.06318576633930206,0.00035122924600727856,,,,,,,,,,,,,,,,,,,,,,,,,,,,,,
232,172.157296397,1778816866.049586,222,0.06284034252166748,0.062488555908203125,0.00035178993130102754,,,,,,,,,,,,,,,,,,,,,,,,,,,,,,
233,172.248008387,1778816866.1403425,223,0.06275789439678192,0.06240469217300415,0.0003532006812747568,,,,,,,,,,,,,,,,,,,,,,,,,,,,,,
234,172.337817639,1778816866.2301378,224,0.06416955590248108,0.06381547451019287,0.0003540815378073603,,,,,,,,,,,,,,,,,,,,,,,,,,,,,,
235,172.429486051,1778816866.3214734,225,0.0653281956911087,0.0649724081158638,0.000355785246938467,,,,,,,,,,,,,,,,,,,,,,,,,,,,,,
236,172.520448236,1778816866.4125729,226,0.062034670263528824,0.06167728081345558,0.00035738974111154675,,,,,,,,,,,,,,,,,,,,,,,,,,,,,,
237,172.610257377,1778816866.5029166,227,0.0610775500535965,0.06071915477514267,0.0003583941434044391,,,,,,,,,,,,,,,,,,,,,,,,,,,,,,
238,172.701124263,1778816866.5934684,228,0.06154385209083557,0.06118331104516983,0.0003605414822231978,,,,,,,,,,,,,,,,,,,,,,,,,,,,,,
239,172.79191945,1778816866.6843638,229,0.062132932245731354,0.06177189573645592,0.0003610373241826892,,,,,,,,,,,,,,,,,,,,,,,,,,,,,,
240,172.892361408,1778816866.7848065,230,0.06085510924458504,0.06049281358718872,0.0003622960648499429,,,,,,,,,,,,,,,,,,,,,,,,,,,,,,
241,173.01677629,1778816866.9092453,231,0.060346949845552444,0.05998384207487106,0.00036310809082351625,,,,,,,,,,,,,,,,,,,,,,,,,,,,,,
242,173.114767012,1778816867.0070488,232,0.0607907809317112,0.060426339507102966,0.0003644403477665037,,,,,,,,,,,,,,,,,,,,,,,,,,,,,,
243,173.206610514,1778816867.0988853,233,0.05748917907476425,0.057123422622680664,0.0003657570923678577,,,,,,,,,,,,,,,,,,,,,,,,,,,,,,
244,173.299048792,1778816867.1913762,234,0.060758039355278015,0.06039160490036011,0.0003664359974209219,,,,,,,,,,,,,,,,,,,,,,,,,,,,,,
245,173.396440071,1778816867.2889266,235,0.058172810822725296,0.05780359357595444,0.0003692162863444537,,,,,,,,,,,,,,,,,,,,,,,,,,,,,,
246,173.487394415,1778816867.379734,236,0.05687689408659935,0.0565069317817688,0.0003699626831803471,,,,,,,,,,,,,,,,,,,,,,,,,,,,,,
247,173.578536794,1778816867.4708922,237,0.05983554571866989,0.059464920312166214,0.0003706246498040855,,,,,,,,,,,,,,,,,,,,,,,,,,,,,,
248,173.668894169,1778816867.5611866,238,0.05774371698498726,0.057372208684682846,0.0003715071070473641,,,,,,,,,,,,,,,,,,,,,,,,,,,,,,
249,173.763401912,1778816867.655811,239,0.05605268105864525,0.055678412318229675,0.0003742703120224178,,,,,,,,,,,,,,,,,,,,,,,,,,,,,,
250,173.855323304,1778816867.7472398,240,0.05541936308145523,0.055044159293174744,0.00037520407931879163,,,,,,,,,,,,,,,,,,,,,,,,,,,,,,
251,183.952289712,1778816877.8437796,240,,,,0.004047850612550974,0.01573597826063633,0.02698908932507038,0.044742535799741745,0.08979864418506622,0.009041591547429562,0.01084990706294775,0.009403251111507416,0.007504516746848822,0.0061482773162424564,0.009041591547429562,0.014658486470580101,0.01858065091073513,0.024157943204045296,0.036453619599342346,0.004047850612550974,0.007684948388487101,0.009207628667354584,0.010492329485714436,0.011972851119935513,0.009041591547429562,0.024020491167902946,0.02883334457874298,0.032404400408267975,0.03707216680049896,0.009041591547429562,0.05424954742193222,0.09403254836797714,0.15009041130542755,0.30741411447525024
252,191.088560543,1778816884.9810145,241,0.05498938634991646,0.05461332947015762,0.0003760558902285993,,,,,,,,,,,,,,,,,,,,,,,,,,,,,,
253,191.177126891,1778816885.069716,242,0.05501189082860947,0.05463375151157379,0.0003781381237786263,,,,,,,,,,,,,,,,,,,,,,,,,,,,,,
254,191.265054035,1778816885.157777,243,0.05426107347011566,0.0538809709250927,0.0003801018465310335,,,,,,,,,,,,,,,,,,,,,,,,,,,,,,
255,191.35252895,1778816885.2451227,244,0.05311048775911331,0.05273078754544258,0.00037969977711327374,,,,,,,,,,,,,,,,,,,,,,,,,,,,,,
256,191.447562846,1778816885.3399572,245,0.0531863234937191,0.05280569568276405,0.000380627199774608,,,,,,,,,,,,,,,,,,,,,,,,,,,,,,
257,191.536923077,1778816885.429161,246,0.051597051322460175,0.05121418833732605,0.00038286205381155014,,,,,,,,,,,,,,,,,,,,,,,,,,,,,,
258,191.626399078,1778816885.5187159,247,0.052049536257982254,0.051666684448719025,0.0003828512562904507,,,,,,,,,,,,,,,,,,,,,,,,,,,,,,
259,191.714766806,1778816885.6073942,248,0.05163174122571945,0.05124717205762863,0.0003845694591291249,,,,,,,,,,,,,,,,,,,,,,,,,,,,,,
260,191.808857447,1778816885.7014492,249,0.05150488764047623,0.05111837759613991,0.00038650885107927024,,,,,,,,,,,,,,,,,,,,,,,,,,,,,,
261,191.898091638,1778816885.7906492,250,0.05102343484759331,0.05063699185848236,0.00038644266896881163,,,,,,,,,,,,,,,,,,,,,,,,,,,,,,
262,191.990872158,1778816885.883227,251,0.05005890130996704,0.04967067390680313,0.0003882266173604876,,,,,,,,,,,,,,,,,,,,,,,,,,,,,,
263,192.079545417,1778816885.9720151,252,0.051287148147821426,0.050896912813186646,0.0003902358585037291,,,,,,,,,,,,,,,,,,,,,,,,,,,,,,
264,192.169803697,1778816886.062059,253,0.050443004816770554,0.05005209892988205,0.0003909062943421304,,,,,,,,,,,,,,,,,,,,,,,,,,,,,,
265,192.259521064,1778816886.151855,254,0.051225293427705765,0.050833605229854584,0.00039168697549030185,,,,,,,,,,,,,,,,,,,,,,,,,,,,,,
266,192.348916022,1778816886.2413366,255,0.04910919442772865,0.04871538281440735,0.00039381091482937336,,,,,,,,,,,,,,,,,,,,,,,,,,,,,,
267,192.438209972,1778816886.3303976,256,0.05008077248930931,0.049686871469020844,0.0003939006710425019,,,,,,,,,,,,,,,,,,,,,,,,,,,,,,
268,192.526843585,1778816886.4193583,257,0.0485297329723835,0.04813384264707565,0.00039589093648828566,,,,,,,,,,,,,,,,,,,,,,,,,,,,,,
269,192.614442944,1778816886.5069513,258,0.04897504299879074,0.048578351736068726,0.0003966894873883575,,,,,,,,,,,,,,,,,,,,,,,,,,,,,,
270,192.703725985,1778816886.596082,259,0.04827340319752693,0.047875385731458664,0.0003980163892265409,,,,,,,,,,,,,,,,,,,,,,,,,,,,,,
271,192.797138068,1778816886.6892922,260,0.04824605956673622,0.0478464737534523,0.00039958537672646344,,,,,,,,,,,,,,,,,,,,,,,,,,,,,,
272,203.017788011,1778816896.9091208,260,,,,0.0037062796764075756,0.014379738830029964,0.027153482660651207,0.04391372203826904,0.08860602229833603,0.010849909856915474,0.010126580484211445,0.00958408322185278,0.007504516746848822,0.006039779167622328,0.010849909856915474,0.013994722627103329,0.01862604357302189,0.02391229011118412,0.03605854511260986,0.0037062796764075756,0.007259061094373465,0.009044832549989223,0.01028426457196474,0.011814379133284092,0.010849909856915474,0.024201326072216034,0.029790610074996948,0.03325735777616501,0.037781428545713425,0.010849909856915474,0.050632912665605545,0.09584087133407593,0.15009041130542755,0.3019891381263733
273,203.111820543,1778816897.0043368,261,0.046932291239500046,0.046532146632671356,0.0004001451889052987,,,,,,,,,,,,,,,,,,,,,,,,,,,,,,
274,203.202168019,1778816897.0943737,262,0.04861218109726906,0.048210956156253815,0.00040122619247995317,,,,,,,,,,,,,,,,,,,,,,,,,,,,,,
275,203.291808324,1778816897.1842558,263,0.04903723672032356,0.04863453656435013,0.0004027012619189918,,,,,,,,,,,,,,,,,,,,,,,,,,,,,,
276,203.382160553,1778816897.2744079,264,0.0444633811712265,0.044058769941329956,0.0004046112298965454,,,,,,,,,,,,,,,,,,,,,,,,,,,,,,
277,203.473552756,1778816897.365833,265,0.04530954733490944,0.044904131442308426,0.0004054170858580619,,,,,,,,,,,,,,,,,,,,,,,,,,,,,,
278,203.564071132,1778816897.456344,266,0.0479336678981781,0.04752708971500397,0.00040657774661667645,,,,,,,,,,,,,,,,,,,,,,,,,,,,,,
279,203.655357391,1778816897.5477252,267,0.044074106961488724,0.04366655275225639,0.0004075553151778877,,,,,,,,,,,,,,,,,,,,,,,,,,,,,,
280,203.74492424,1778816897.6371443,268,0.04555491730570793,0.04514683783054352,0.0004080789803992957,,,,,,,,,,,,,,,,,,,,,,,,,,,,,,
281,203.836407566,1778816897.728755,269,0.04348132386803627,0.04307112097740173,0.00041020175558514893,,,,,,,,,,,,,,,,,,,,,,,,,,,,,,
282,203.925571206,1778816897.8180916,270,0.04223170876502991,0.04182048887014389,0.00041121907997876406,,,,,,,,,,,,,,,,,,,,,,,,,,,,,,
283,204.014701077,1778816897.9072313,271,0.046162769198417664,0.04575040936470032,0.0004123597755096853,,,,,,,,,,,,,,,,,,,,,,,,,,,,,,
284,204.102802636,1778816897.995214,272,0.04284102842211723,0.042427584528923035,0.00041344313649460673,,,,,,,,,,,,,,,,,,,,,,,,,,,,,,
285,204.191634508,1778816898.0840719,273,0.045682262629270554,0.045266956090927124,0.00041530755697749555,,,,,,,,,,,,,,,,,,,,,,,,,,,,,,
286,204.280258216,1778816898.1724672,274,0.042569052428007126,0.04215380921959877,0.00041524285916239023,,,,,,,,,,,,,,,,,,,,,,,,,,,,,,
287,204.369778285,1778816898.2622159,275,0.04253288730978966,0.04211625084280968,0.0004166365833953023,,,,,,,,,,,,,,,,,,,,,,,,,,,,,,
288,204.458609829,1778816898.35103,276,0.041712790727615356,0.04129423946142197,0.0004185496363788843,,,,,,,,,,,,,,,,,,,,,,,,,,,,,,
289,204.54823452,1778816898.440517,277,0.04128652811050415,0.04086771607398987,0.0004188111051917076,,,,,,,,,,,,,,,,,,,,,,,,,,,,,,
290,204.638019861,1778816898.5301416,278,0.04120317101478577,0.04078269004821777,0.00042048038449138403,,,,,,,,,,,,,,,,,,,,,,,,,,,,,,
291,204.727418015,1778816898.6197147,279,0.04303586483001709,0.042614832520484924,0.00042103169835172594,,,,,,,,,,,,,,,,,,,,,,,,,,,,,,
292,204.817790902,1778816898.7100828,280,0.0424460768699646,0.042024411261081696,0.00042166473576799035,,,,,,,,,,,,,,,,,,,,,,,,,,,,,,
293,214.921967422,1778816908.8126686,280,,,,0.0037062796764075756,0.012689821422100067,0.02708115056157112,0.044894926249980927,0.08835120499134064,0.010849909856915474,0.008679927326738834,0.009403251111507416,0.0074141002260148525,0.005931279622018337,0.010849909856915474,0.012638846412301064,0.018240608274936676,0.02382803149521351,0.035658098757267,0.0037062796764075756,0.006745269522070885,0.008818126283586025,0.010140761733055115,0.011622847989201546,0.010849909856915474,0.022242313250899315,0.028888603672385216,0.032540250569581985,0.037046778947114944,0.010849909856915474,0.043399639427661896,0.09403254836797714,0.14828209578990936,0.2965641915798187
294,215.012622058,1778816908.9050639,281,0.04195990785956383,0.04153691977262497,0.00042298922198824584,,,,,,,,,,,,,,,,,,,,,,,,,,,,,,
295,215.103932795,1778816908.9964526,282,0.0396285355091095,0.03920356184244156,0.0004249723569955677,,,,,,,,,,,,,,,,,,,,,,,,,,,,,,
296,215.199224095,1778816909.0915816,283,0.03977130725979805,0.03934497386217117,0.00042633365956135094,,,,,,,,,,,,,,,,,,,,,,,,,,,,,,
297,215.28815914,1778816909.1803682,284,0.0399291068315506,0.03950210288167,0.0004270026693120599,,,,,,,,,,,,,,,,,,,,,,,,,,,,,,
298,215.378764944,1778816909.2710247,285,0.03949812054634094,0.039069607853889465,0.00042851417674683034,,,,,,,,,,,,,,,,,,,,,,,,,,,,,,
299,215.468619725,1778816909.360883,286,0.04020972549915314,0.03978083282709122,0.00042889348696917295,,,,,,,,,,,,,,,,,,,,,,,,,,,,,,
300,215.558820319,1778816909.4508743,287,0.03966484218835831,0.03923555091023445,0.0004292904050089419,,,,,,,,,,,,,,,,,,,,,,,,,,,,,,
301,215.651452146,1778816909.5437882,288,0.040534697473049164,0.04010346531867981,0.00043123369687236845,,,,,,,,,,,,,,,,,,,,,,,,,,,,,,
302,215.741269544,1778816909.6335163,289,0.03701307252049446,0.036580801010131836,0.0004322717431932688,,,,,,,,,,,,,,,,,,,,,,,,,,,,,,
303,215.829759063,1778816909.7219446,290,0.03746996819972992,0.037036918103694916,0.00043304861173965037,,,,,,,,,,,,,,,,,,,,,,,,,,,,,,
304,215.91978873,1778816909.8121285,291,0.03777235746383667,0.037338659167289734,0.0004336999263614416,,,,,,,,,,,,,,,,,,,,,,,,,,,,,,
305,216.009542654,1778816909.901939,292,0.03920351713895798,0.03876839205622673,0.000435124704381451,,,,,,,,,,,,,,,,,,,,,,,,,,,,,,
306,216.105135984,1778816909.9977143,293,0.0363025888800621,0.03586557134985924,0.00043701642425730824,,,,,,,,,,,,,,,,,,,,,,,,,,,,,,
307,216.20592018,1778816910.0984523,294,0.03608798608183861,0.0356498546898365,0.0004381320904940367,,,,,,,,,,,,,,,,,,,,,,,,,,,,,,
308,216.294768579,1778816910.187212,295,0.035701874643564224,0.03526318818330765,0.00043868724605999887,,,,,,,,,,,,,,,,,,,,,,,,,,,,,,
309,216.382874904,1778816910.2753983,296,0.03741259500384331,0.03697352111339569,0.0004390734829939902,,,,,,,,,,,,,,,,,,,,,,,,,,,,,,
310,216.472068815,1778816910.3646965,297,0.037478115409612656,0.037037529051303864,0.00044058533967472613,,,,,,,,,,,,,,,,,,,,,,,,,,,,,,
311,216.561177051,1778816910.453461,298,0.03761296346783638,0.03717087581753731,0.0004420873592607677,,,,,,,,,,,,,,,,,,,,,,,,,,,,,,
312,216.659507513,1778816910.5516357,299,0.03606443852186203,0.03562207147479057,0.0004423680657055229,,,,,,,,,,,,,,,,,,,,,,,,,,,,,,
313,216.748677979,1778816910.6408377,300,0.036429520696401596,0.03598599135875702,0.0004435294249560684,,,,,,,,,,,,,,,,,,,,,,,,,,,,,,
314,227.756554591,1778816921.648567,300,,,,0.0033446159213781357,0.012237741611897945,0.026967715471982956,0.04519631341099739,0.08940605819225311,0.009041591547429562,0.00795660074800253,0.009403251111507416,0.007504516746848822,0.005931279622018337,0.009041591547429562,0.011834231205284595,0.017919570207595825,0.023729773238301277,0.03563465550541878,0.0033446159213781357,0.006380017381161451,0.008571340702474117,0.009988382458686829,0.011492287740111351,0.009041591547429562,0.020373720675706863,0.027725396677851677,0.031610194593667984,0.03603384271264076,0.009041591547429562,0.03978300094604492,0.09403254836797714,0.15009041130542755,0.2965641915798187
315,227.870989454,1778816921.7634902,301,0.03627149015665054,0.03582752123475075,0.00044396764133125544,,,,,,,,,,,,,,,,,,,,,,,,,,,,,,
316,227.965738749,1778816921.8581877,302,0.034938517957925797,0.034492406994104385,0.00044610988697968423,,,,,,,,,,,,,,,,,,,,,,,,,,,,,,
317,228.084318006,1778816921.9765055,303,0.03358294442296028,0.03313538804650307,0.000447557627921924,,,,,,,,,,,,,,,,,,,,,,,,,,,,,,
318,228.202076635,1778816922.0942907,304,0.034482840448617935,0.034035131335258484,0.0004477082402445376,,,,,,,,,,,,,,,,,,,,,,,,,,,,,,
319,228.291208841,1778816922.183584,305,0.035883232951164246,0.03543373942375183,0.0004494937020353973,,,,,,,,,,,,,,,,,,,,,,,,,,,,,,
320,228.38054832,1778816922.2730129,306,0.035992249846458435,0.035541832447052,0.0004504172538872808,,,,,,,,,,,,,,,,,,,,,,,,,,,,,,
321,228.471165705,1778816922.3635209,307,0.03482146933674812,0.03437064588069916,0.0004508252313826233,,,,,,,,,,,,,,,,,,,,,,,,,,,,,,
322,228.561641288,1778816922.4541733,308,0.03479061275720596,0.03433874994516373,0.00045186415081843734,,,,,,,,,,,,,,,,,,,,,,,,,,,,,,
323,228.650929003,1778816922.5436294,309,0.033498503267765045,0.03304398059844971,0.0004545208648778498,,,,,,,,,,,,,,,,,,,,,,,,,,,,,,
324,228.746431633,1778816922.639013,310,0.0339030995965004,0.033449117094278336,0.0004539820656646043,,,,,,,,,,,,,,,,,,,,,,,,,,,,,,
325,228.83654291,1778816922.7288132,311,0.03314492106437683,0.032690078020095825,0.0004548433644231409,,,,,,,,,,,,,,,,,,,,,,,,,,,,,,
326,228.92442911,1778816922.816821,312,0.03167325258255005,0.031217092648148537,0.0004561587702482939,,,,,,,,,,,,,,,,,,,,,,,,,,,,,,
327,229.013878188,1778816922.9063067,313,0.03214690834283829,0.0316891148686409,0.00045779356150887907,,,,,,,,,,,,,,,,,,,,,,,,,,,,,,
328,229.10336787,1778816922.9956417,314,0.03509162366390228,0.034632887691259384,0.0004587362054735422,,,,,,,,,,,,,,,,,,,,,,,,,,,,,,
329,229.193740979,1778816923.0860028,315,0.031672403216362,0.031213248148560524,0.0004591543402057141,,,,,,,,,,,,,,,,,,,,,,,,,,,,,,
330,229.285770184,1778816923.1780741,316,0.033253226429224014,0.03279232978820801,0.00046089509851299226,,,,,,,,,,,,,,,,,,,,,,,,,,,,,,
331,229.375336183,1778816923.2675915,317,0.03372962400317192,0.03326871991157532,0.00046090231626294553,,,,,,,,,,,,,,,,,,,,,,,,,,,,,,
332,229.465727402,1778816923.357839,318,0.032150112092494965,0.03168763965368271,0.0004624726716428995,,,,,,,,,,,,,,,,,,,,,,,,,,,,,,
333,229.55604369,1778816923.4483116,319,0.03272028639912605,0.03225730359554291,0.00046298286179080606,,,,,,,,,,,,,,,,,,,,,,,,,,,,,,
334,229.644918806,1778816923.537195,320,0.0303373821079731,0.029872825369238853,0.0004645575536414981,,,,,,,,,,,,,,,,,,,,,,,,,,,,,,
335,239.674748,1778816933.5656037,320,,,,0.0033446159213781357,0.012991208583116531,0.026654738932847977,0.04482316970825195,0.09015952795743942,0.009041591547429562,0.008679927326738834,0.00958408322185278,0.0074141002260148525,0.0059674461372196674,0.009041591547429562,0.012312632985413074,0.017812073230743408,0.02343713864684105,0.03569091856479645,0.0033446159213781357,0.006495548412203789,0.0084839491173625,0.009839103557169437,0.011399578303098679,0.009041591547429562,0.021036768332123756,0.027794284746050835,0.03134601190686226,0.03595026582479477,0.009041591547429562,0.043399639427661896,0.09584087133407593,0.14828209578990936,0.2983725070953369
336,239.767676646,1778816933.6599407,321,0.032484270632267,0.032019272446632385,0.00046499958261847496,,,,,,,,,,,,,,,,,,,,,,,,,,,,,,
337,239.86201865,1778816933.7543502,322,0.029347965493798256,0.028881626203656197,0.0004663399886339903,,,,,,,,,,,,,,,,,,,,,,,,,,,,,,
338,239.954073526,1778816933.8464158,323,0.03050978109240532,0.030042245984077454,0.0004675349046010524,,,,,,,,,,,,,,,,,,,,,,,,,,,,,,
339,240.045034706,1778816933.9370646,324,0.03308822214603424,0.03261967748403549,0.0004685447202064097,,,,,,,,,,,,,,,,,,,,,,,,,,,,,,
340,240.136835988,1778816934.0289583,325,0.027599474415183067,0.027130233123898506,0.00046924082562327385,,,,,,,,,,,,,,,,,,,,,,,,,,,,,,
341,240.230956189,1778816934.1233673,326,0.0309455543756485,0.030475415289402008,0.0004701386787928641,,,,,,,,,,,,,,,,,,,,,,,,,,,,,,
342,240.322133742,1778816934.214174,327,0.029776697978377342,0.029305990785360336,0.0004707080079242587,,,,,,,,,,,,,,,,,,,,,,,,,,,,,,
343,240.413025163,1778816934.3053946,328,0.029226718470454216,0.02875487133860588,0.0004718468990176916,,,,,,,,,,,,,,,,,,,,,,,,,,,,,,
344,240.505859876,1778816934.3980784,329,0.03135228157043457,0.03087901882827282,0.00047326312051154673,,,,,,,,,,,,,,,,,,,,,,,,,,,,,,
345,240.59636301,1778816934.4884138,330,0.02859528735280037,0.028120968490839005,0.00047431798884645104,,,,,,,,,,,,,,,,,,,,,,,,,,,,,,
346,240.688345399,1778816934.58041,331,0.02954159490764141,0.029066821560263634,0.0004747729399241507,,,,,,,,,,,,,,,,,,,,,,,,,,,,,,
347,240.778880451,1778816934.6709564,332,0.03048751875758171,0.03001168742775917,0.00047583068953827024,,,,,,,,,,,,,,,,,,,,,,,,,,,,,,
348,240.86988251,1778816934.762183,333,0.02864735759794712,0.02817007526755333,0.0004772815154865384,,,,,,,,,,,,,,,,,,,,,,,,,,,,,,
349,240.96045533,1778816934.8527775,334,0.02883768081665039,0.02835986204445362,0.0004778178408741951,,,,,,,,,,,,,,,,,,,,,,,,,,,,,,
350,241.053009142,1778816934.9451458,335,0.029837528243660927,0.02935916557908058,0.0004783619660884142,,,,,,,,,,,,,,,,,,,,,,,,,,,,,,
351,241.143344791,1778816935.035526,336,0.02823626808822155,0.027756530791521072,0.0004797374131157994,,,,,,,,,,,,,,,,,,,,,,,,,,,,,,
352,241.234758883,1778816935.1271644,337,0.028198368847370148,0.027717936784029007,0.0004804316267836839,,,,,,,,,,,,,,,,,,,,,,,,,,,,,,
353,241.326918078,1778816935.2192807,338,0.02693224512040615,0.026450419798493385,0.0004818251763936132,,,,,,,,,,,,,,,,,,,,,,,,,,,,,,
354,241.418339795,1778816935.3106349,339,0.0287676639854908,0.028285527601838112,0.0004821371694561094,,,,,,,,,,,,,,,,,,,,,,,,,,,,,,
355,241.509178853,1778816935.4017646,340,0.027949336916208267,0.027465511113405228,0.0004838264430873096,,,,,,,,,,,,,,,,,,,,,,,,,,,,,,
356,251.494331977,1778816945.3857987,340,,,,0.0033446159213781357,0.012087048962712288,0.02552453987300396,0.043359290808439255,0.09257348626852036,0.009041591547429562,0.008318264037370682,0.009222419932484627,0.007142852991819382,0.006075945217162371,0.009041591547429562,0.011851993389427662,0.017233235761523247,0.02275681123137474,0.0360424779355526,0.0033446159213781357,0.006332526449114084,0.00829265732318163,0.009636945091187954,0.011327805928885937,0.009041591547429562,0.020464135333895683,0.026979822665452957,0.03050006367266178,0.03549812734127045,0.009041591547429562,0.04159132018685341,0.09222423285245895,0.1428571492433548,0.3037974536418915
357,251.598425648,1778816945.4901657,341,0.028780387714505196,0.02829475700855255,0.0004856303276028484,,,,,,,,,,,,,,,,,,,,,,,,,,,,,,
358,251.699015594,1778816945.5909557,342,0.0270127821713686,0.026528000831604004,0.0004847814852837473,,,,,,,,,,,,,,,,,,,,,,,,,,,,,,
359,251.790892573,1778816945.6832392,343,0.029949970543384552,0.02946392074227333,0.0004860499466303736,,,,,,,,,,,,,,,,,,,,,,,,,,,,,,
360,251.889242437,1778816945.7814987,344,0.027300886809825897,0.02681267261505127,0.00048821454402059317,,,,,,,,,,,,,,,,,,,,,,,,,,,,,,
361,251.980066078,1778816945.8721933,345,0.02798897586762905,0.027501139789819717,0.0004878369509242475,,,,,,,,,,,,,,,,,,,,,,,,,,,,,,
362,252.072533043,1778816945.9646764,346,0.027276353910565376,0.026786714792251587,0.0004896385944448411,,,,,,,,,,,,,,,,,,,,,,,,,,,,,,
363,252.16382302,1778816946.0557404,347,0.027078939601778984,0.02658863179385662,0.0004903076915070415,,,,,,,,,,,,,,,,,,,,,,,,,,,,,,
364,252.254721187,1778816946.146809,348,0.028341684490442276,0.027851030230522156,0.0004906545509584248,,,,,,,,,,,,,,,,,,,,,,,,,,,,,,
365,252.344959257,1778816946.2372394,349,0.02765892818570137,0.02716602012515068,0.0004929089918732643,,,,,,,,,,,,,,,,,,,,,,,,,,,,,,
366,252.436935966,1778816946.3292952,350,0.025889229029417038,0.025395981967449188,0.0004932467709295452,,,,,,,,,,,,,,,,,,,,,,,,,,,,,,
367,252.527621363,1778816946.4198666,351,0.02528529055416584,0.0247929897159338,0.0004922999651171267,,,,,,,,,,,,,,,,,,,,,,,,,,,,,,
368,252.617876991,1778816946.5100386,352,0.026155656203627586,0.025660209357738495,0.0004954469623044133,,,,,,,,,,,,,,,,,,,,,,,,,,,,,,
369,252.714021872,1778816946.6060045,353,0.024820301681756973,0.024325009435415268,0.0004952922463417053,,,,,,,,,,,,,,,,,,,,,,,,,,,,,,
370,252.804585705,1778816946.6970036,354,0.02522275596857071,0.02472516894340515,0.0004975863266736269,,,,,,,,,,,,,,,,,,,,,,,,,,,,,,
371,252.895798712,1778816946.7875662,355,0.025308599695563316,0.024812225252389908,0.0004963739775121212,,,,,,,,,,,,,,,,,,,,,,,,,,,,,,
372,252.986230338,1778816946.8785467,356,0.02492469549179077,0.024425843730568886,0.0004988518776372075,,,,,,,,,,,,,,,,,,,,,,,,,,,,,,
373,253.075966525,1778816946.9681911,357,0.02499116212129593,0.024492360651493073,0.0004988019936718047,,,,,,,,,,,,,,,,,,,,,,,,,,,,,,
374,253.17209237,1778816947.0643184,358,0.02583329938352108,0.025333739817142487,0.0004995587514713407,,,,,,,,,,,,,,,,,,,,,,,,,,,,,,
375,253.264660352,1778816947.156904,359,0.0240477342158556,0.023546213284134865,0.0005015215137973428,,,,,,,,,,,,,,,,,,,,,,,,,,,,,,
376,253.355214675,1778816947.2474947,360,0.025856195017695427,0.025354493409395218,0.00050170166650787,,,,,,,,,,,,,,,,,,,,,,,,,,,,,,
377,263.274242576,1778816957.165796,360,,,,0.0033446159213781357,0.013051485642790794,0.024843405932188034,0.04260582849383354,0.09121724963188171,0.009041591547429562,0.009041590616106987,0.009041587822139263,0.007142852991819382,0.006075945217162371,0.009041591547429562,0.012368949130177498,0.016947926953434944,0.022521335631608963,0.03580855950713158,0.0033446159213781357,0.006480205338448286,0.00814993679523468,0.009540013037621975,0.011256158351898193,0.009041591547429562,0.02109704539179802,0.026821235194802284,0.03050508163869381,0.03551243245601654,0.009041591547429562,0.045207954943180084,0.09041590988636017,0.1428571492433548,0.3037974536418915
378,263.374695787,1778816957.2666187,361,0.026930134743452072,0.026426950469613075,0.0005031849723309278,,,,,,,,,,,,,,,,,,,,,,,,,,,,,,
379,263.466366182,1778816957.3587265,362,0.023851849138736725,0.02334780991077423,0.0005040400428697467,,,,,,,,,,,,,,,,,,,,,,,,,,,,,,
380,263.558047966,1778816957.4502273,363,0.024880802258849144,0.024376075714826584,0.0005047264858148992,,,,,,,,,,,,,,,,,,,,,,,,,,,,,,
381,263.648551515,1778816957.5407588,364,0.022837400436401367,0.02233171835541725,0.0005056814406998456,,,,,,,,,,,,,,,,,,,,,,,,,,,,,,
382,263.747293906,1778816957.6394958,365,0.02339177206158638,0.0228857584297657,0.0005060138064436615,,,,,,,,,,,,,,,,,,,,,,,,,,,,,,
383,263.837817376,1778816957.7301457,366,0.022690866142511368,0.0221838541328907,0.0005070122424513102,,,,,,,,,,,,,,,,,,,,,,,,,,,,,,
384,263.930311267,1778816957.8223286,367,0.02439514733850956,0.023886125534772873,0.0005090221529826522,,,,,,,,,,,,,,,,,,,,,,,,,,,,,,
385,264.021097496,1778816957.9133518,368,0.024251654744148254,0.02374304085969925,0.000508613942656666,,,,,,,,,,,,,,,,,,,,,,,,,,,,,,
386,264.113224416,1778816958.0047526,369,0.024872807785868645,0.024363359436392784,0.0005094475927762687,,,,,,,,,,,,,,,,,,,,,,,,,,,,,,
387,264.210070586,1778816958.1024272,370,0.023851072415709496,0.02334132418036461,0.0005097478278912604,,,,,,,,,,,,,,,,,,,,,,,,,,,,,,
388,264.301067072,1778816958.1932876,371,0.02252417802810669,0.022012105211615562,0.0005120729911141098,,,,,,,,,,,,,,,,,,,,,,,,,,,,,,
389,264.393912609,1778816958.2858608,372,0.02334773726761341,0.02283583953976631,0.0005118982517160475,,,,,,,,,,,,,,,,,,,,,,,,,,,,,,
390,264.484969868,1778816958.3772395,373,0.023636937141418457,0.02312341332435608,0.0005135234096087515,,,,,,,,,,,,,,,,,,,,,,,,,,,,,,
391,264.582547707,1778816958.474811,374,0.023655854165554047,0.02314109541475773,0.0005147592164576054,,,,,,,,,,,,,,,,,,,,,,,,,,,,,,
392,264.67309219,1778816958.5651522,375,0.023944023996591568,0.02342904731631279,0.0005149769131094217,,,,,,,,,,,,,,,,,,,,,,,,,,,,,,
393,264.763214176,1778816958.6554291,376,0.022501610219478607,0.021986503154039383,0.0005151071236468852,,,,,,,,,,,,,,,,,,,,,,,,,,,,,,
394,264.855098638,1778816958.7472107,377,0.022959966212511063,0.02244221419095993,0.000517752836458385,,,,,,,,,,,,,,,,,,,,,,,,,,,,,,
395,264.94625848,1778816958.8383925,378,0.02298542857170105,0.022468846291303635,0.0005165832117199898,,,,,,,,,,,,,,,,,,,,,,,,,,,,,,
396,265.036001414,1778816958.92803,379,0.022440379485487938,0.021922674030065536,0.0005177058046683669,,,,,,,,,,,,,,,,,,,,,,,,,,,,,,
397,265.125306049,1778816959.0175178,380,0.02174524776637554,0.021227244287729263,0.0005180040025152266,,,,,,,,,,,,,,,,,,,,,,,,,,,,,,
398,275.197133698,1778816969.0883439,380,,,,0.0033446159213781357,0.013338521122932434,0.02454201877117157,0.043509989976882935,0.09092877060174942,0.009041591547429562,0.009764917194843292,0.009041587822139263,0.007233268581330776,0.006112111732363701,0.009041591547429562,0.01286518294364214,0.016872243955731392,0.02274947427213192,0.0358087420463562,0.0033446159213781357,0.006567751057446003,0.008162887766957283,0.009603566490113735,0.011270295828580856,0.009041591547429562,0.021820373833179474,0.026871465146541595,0.03061956726014614,0.03563125059008598,0.009041591547429562,0.04882459342479706,0.09041590988636017,0.14466546475887299,0.30560579895973206
399,275.295273671,1778816969.1878846,381,0.022236470133066177,0.021717511117458344,0.0005189586663618684,,,,,,,,,,,,,,,,,,,,,,,,,,,,,,
400,275.393397935,1778816969.2859669,382,0.022448677569627762,0.02192816324532032,0.0005205136840231717,,,,,,,,,,,,,,,,,,,,,,,,,,,,,,
401,275.483947384,1778816969.3763807,383,0.022299550473690033,0.02177882380783558,0.0005207262584008276,,,,,,,,,,,,,,,,,,,,,,,,,,,,,,
402,275.5747383,1778816969.4671881,384,0.021810336038470268,0.02128773182630539,0.0005226044449955225,,,,,,,,,,,,,,,,,,,,,,,,,,,,,,
403,275.674146108,1778816969.5664554,385,0.021977780386805534,0.0214536115527153,0.0005241687758825719,,,,,,,,,,,,,,,,,,,,,,,,,,,,,,
404,275.76425593,1778816969.6564958,386,0.021053507924079895,0.020529866218566895,0.0005236424040049314,,,,,,,,,,,,,,,,,,,,,,,,,,,,,,
405,275.853680099,1778816969.7461646,387,0.02155945636332035,0.02103494480252266,0.0005245106876827776,,,,,,,,,,,,,,,,,,,,,,,,,,,,,,
406,275.945757647,1778816969.8382146,388,0.020263919606804848,0.01973814144730568,0.0005257786251604557,,,,,,,,,,,,,,,,,,,,,,,,,,,,,,
407,276.035214012,1778816969.9276617,389,0.020718345418572426,0.020191647112369537,0.0005266990046948195,,,,,,,,,,,,,,,,,,,,,,,,,,,,,,
408,276.125729564,1778816970.0182536,390,0.02187032252550125,0.021343018859624863,0.0005273040733300149,,,,,,,,,,,,,,,,,,,,,,,,,,,,,,
409,276.222519443,1778816970.1142843,391,0.022091487422585487,0.021563800051808357,0.0005276876618154347,,,,,,,,,,,,,,,,,,,,,,,,,,,,,,
410,276.314538304,1778816970.2068665,392,0.020067065954208374,0.01953810453414917,0.0005289614200592041,,,,,,,,,,,,,,,,,,,,,,,,,,,,,,
411,276.406133462,1778816970.2984324,393,0.02174723707139492,0.021217305213212967,0.0005299322074279189,,,,,,,,,,,,,,,,,,,,,,,,,,,,,,
412,276.496136118,1778816970.3885286,394,0.020575780421495438,0.020044419914484024,0.0005313607398420572,,,,,,,,,,,,,,,,,,,,,,,,,,,,,,
413,276.586223271,1778816970.4784703,395,0.020813534036278725,0.020282194018363953,0.0005313405417837203,,,,,,,,,,,,,,,,,,,,,,,,,,,,,,
414,276.683355272,1778816970.5757997,396,0.02058548480272293,0.02005283534526825,0.0005326488753780723,,,,,,,,,,,,,,,,,,,,,,,,,,,,,,
415,276.773259301,1778816970.665589,397,0.0202630665153265,0.019729647785425186,0.0005334190209396183,,,,,,,,,,,,,,,,,,,,,,,,,,,,,,
416,276.862490522,1778816970.7548435,398,0.020064326003193855,0.019531119614839554,0.0005332058644853532,,,,,,,,,,,,,,,,,,,,,,,,,,,,,,
417,276.952833007,1778816970.8451316,399,0.021183354780077934,0.020648587495088577,0.0005347675760276616,,,,,,,,,,,,,,,,,,,,,,,,,,,,,,
418,277.043483169,1778816970.9358988,400,0.022173913195729256,0.021638579666614532,0.0005353338783606887,,,,,,,,,,,,,,,,,,,,,,,,,,,,,,
419,286.986992677,1778816980.8790045,400,,,,0.0033446159213781357,0.01220252551138401,0.024918753653764725,0.04260582849383354,0.09070273488759995,0.009041591547429562,0.00940325390547514,0.00867992453277111,0.007142852991819382,0.006112111732363701,0.009041591547429562,0.012612825259566307,0.016826646402478218,0.022478651255369186,0.03570853918790817,0.0033446159213781357,0.006404637824743986,0.008154687471687794,0.009526118636131287,0.011207005009055138,0.009041591547429562,0.022091621533036232,0.02706305682659149,0.031005175784230232,0.0360628105700016,0.009041591547429562,0.04701627418398857,0.08679927885532379,0.1428571492433548,0.30560579895973206
420,287.103530237,1778816980.9960213,401,0.021170388907194138,0.020634066313505173,0.0005363220698200166,,,,,,,,,,,,,,,,,,,,,,,,,,,,,,
421,287.199205777,1778816981.0917435,402,0.02113841474056244,0.02060014382004738,0.0005382716190069914,,,,,,,,,,,,,,,,,,,,,,,,,,,,,,
422,287.287656217,1778816981.180165,403,0.019171971827745438,0.018633034080266953,0.0005389381549321115,,,,,,,,,,,,,,,,,,,,,,,,,,,,,,
423,287.377189038,1778816981.2695096,404,0.02054561674594879,0.020006252452731133,0.0005393634201027453,,,,,,,,,,,,,,,,,,,,,,,,,,,,,,
424,287.466137209,1778816981.358705,405,0.01947629265487194,0.01893644779920578,0.0005398442735895514,,,,,,,,,,,,,,,,,,,,,,,,,,,,,,
425,287.55535767,1778816981.448193,406,0.020467907190322876,0.01992650330066681,0.0005414042389020324,,,,,,,,,,,,,,,,,,,,,,,,,,,,,,
426,287.642816365,1778816981.5355184,407,0.019412051886320114,0.018870852887630463,0.0005411992315202951,,,,,,,,,,,,,,,,,,,,,,,,,,,,,,
427,287.731413471,1778816981.6241941,408,0.019246794283390045,0.01870599016547203,0.0005408047582022846,,,,,,,,,,,,,,,,,,,,,,,,,,,,,,
428,287.818265645,1778816981.7108166,409,0.018527474254369736,0.01798468455672264,0.0005427898722700775,,,,,,,,,,,,,,,,,,,,,,,,,,,,,,
429,287.906266302,1778816981.7987862,410,0.018468540161848068,0.017924856394529343,0.0005436845822259784,,,,,,,,,,,,,,,,,,,,,,,,,,,,,,
430,287.997333424,1778816981.8894498,411,0.018037283793091774,0.017494460567831993,0.0005428237491287291,,,,,,,,,,,,,,,,,,,,,,,,,,,,,,
431,288.086839069,1778816981.9793267,412,0.019077925011515617,0.018534794449806213,0.000543130561709404,,,,,,,,,,,,,,,,,,,,,,,,,,,,,,
432,288.176301928,1778816982.0686207,413,0.02013099193572998,0.01958617754280567,0.0005448146257549524,,,,,,,,,,,,,,,,,,,,,,,,,,,,,,
433,288.265210938,1778816982.157764,414,0.019363878294825554,0.018818117678165436,0.0005457614315673709,,,,,,,,,,,,,,,,,,,,,,,,,,,,,,
434,288.35286954,1778816982.2453945,415,0.01974458061158657,0.019197052344679832,0.0005475281504914165,,,,,,,,,,,,,,,,,,,,,,,,,,,,,,
435,288.444546755,1778816982.3367953,416,0.018505703657865524,0.017958300188183784,0.0005474031786434352,,,,,,,,,,,,,,,,,,,,,,,,,,,,,,
436,288.533642102,1778816982.4260623,417,0.020056406036019325,0.019508052617311478,0.0005483526620082557,,,,,,,,,,,,,,,,,,,,,,,,,,,,,,
437,288.623272276,1778816982.5156004,418,0.018571000546216965,0.018020011484622955,0.0005509890615940094,,,,,,,,,,,,,,,,,,,,,,,,,,,,,,
438,288.713142057,1778816982.6055918,419,0.018559018149971962,0.01800941489636898,0.0005496034282259643,,,,,,,,,,,,,,,,,,,,,,,,,,,,,,
439,288.802074767,1778816982.6945276,420,0.019495747983455658,0.0189447533339262,0.0005509941838681698,,,,,,,,,,,,,,,,,,,,,,,,,,,,,,
440,298.77506026,1778816992.6668954,420,,,,0.0033446159213781357,0.013271077536046505,0.02535877749323845,0.04140028357505798,0.09242411702871323,0.009041591547429562,0.010126580484211445,0.008860756643116474,0.006962021347135305,0.006148277781903744,0.009041591547429562,0.013371442444622517,0.017087843269109726,0.022229593247175217,0.036205604672431946,0.0033446159213781357,0.006726573687046766,0.008276216685771942,0.00951974093914032,0.011389528401196003,0.009041591547429562,0.023116333410143852,0.027530210092663765,0.031184371560811996,0.03652114421129227,0.009041591547429562,0.050632912665605545,0.08860759437084198,0.13924050331115723,0.30741411447525024
441,298.864087285,1778816992.7566922,421,0.01845359243452549,0.01790202595293522,0.0005515668308362365,,,,,,,,,,,,,,,,,,,,,,,,,,,,,,
442,298.953352122,1778816992.845858,422,0.018429316580295563,0.01787768304347992,0.0005516340024769306,,,,,,,,,,,,,,,,,,,,,,,,,,,,,,
443,299.042399959,1778816992.9347968,423,0.017653735354542732,0.017099151387810707,0.0005545847816392779,,,,,,,,,,,,,,,,,,,,,,,,,,,,,,
444,299.132940849,1778816993.0250616,424,0.017966698855161667,0.017412442713975906,0.0005542563740164042,,,,,,,,,,,,,,,,,,,,,,,,,,,,,,
445,299.222976658,1778816993.1154196,425,0.017350666224956512,0.01679612696170807,0.0005545397289097309,,,,,,,,,,,,,,,,,,,,,,,,,,,,,,
446,299.314156775,1778816993.2064126,426,0.017182743176817894,0.016627155244350433,0.0005555881652981043,,,,,,,,,,,,,,,,,,,,,,,,,,,,,,
447,299.405125654,1778816993.2973688,427,0.0194007009267807,0.01884416863322258,0.0005565325263887644,,,,,,,,,,,,,,,,,,,,,,,,,,,,,,
448,299.502042445,1778816993.3940887,428,0.017617281526327133,0.017059210687875748,0.00055807048920542,,,,,,,,,,,,,,,,,,,,,,,,,,,,,,
449,299.593349157,1778816993.485734,429,0.018204068765044212,0.017645569518208504,0.000558499654289335,,,,,,,,,,,,,,,,,,,,,,,,,,,,,,
450,299.684678805,1778816993.576867,430,0.01656590774655342,0.016006380319595337,0.0005595278926193714,,,,,,,,,,,,,,,,,,,,,,,,,,,,,,
451,299.774757634,1778816993.6672368,431,0.017506105825304985,0.016946299001574516,0.0005598069401457906,,,,,,,,,,,,,,,,,,,,,,,,,,,,,,
452,299.863966791,1778816993.756455,432,0.018045198172330856,0.01748441532254219,0.0005607828497886658,,,,,,,,,,,,,,,,,,,,,,,,,,,,,,
453,299.952532455,1778816993.8450139,433,0.017889248207211494,0.01732880063354969,0.0005604479811154306,,,,,,,,,,,,,,,,,,,,,,,,,,,,,,
454,300.04137263,1778816993.9335887,434,0.017618250101804733,0.017055418342351913,0.0005628323997370899,,,,,,,,,,,,,,,,,,,,,,,,,,,,,,
455,300.129523442,1778816994.0218933,435,0.017889901995658875,0.017327602952718735,0.0005622981116175652,,,,,,,,,,,,,,,,,,,,,,,,,,,,,,
456,300.217324493,1778816994.109965,436,0.017331574112176895,0.01676926761865616,0.0005623059114441276,,,,,,,,,,,,,,,,,,,,,,,,,,,,,,
457,300.305460003,1778816994.197679,437,0.017994506284594536,0.017431724816560745,0.0005627807113341987,,,,,,,,,,,,,,,,,,,,,,,,,,,,,,
458,300.393153835,1778816994.2856,438,0.017452340573072433,0.016887513920664787,0.0005648272344842553,,,,,,,,,,,,,,,,,,,,,,,,,,,,,,
459,300.481590448,1778816994.373919,439,0.01645563915371895,0.01589082181453705,0.0005648172809742391,,,,,,,,,,,,,,,,,,,,,,,,,,,,,,
460,300.569505704,1778816994.4618723,440,0.01717233471572399,0.016606971621513367,0.0005653630360029638,,,,,,,,,,,,,,,,,,,,,,,,,,,,,,
461,310.343650914,1778817004.2350414,440,,,,0.0033446159213781357,0.013271077536046505,0.024228578433394432,0.04276370257139206,0.09313584864139557,0.009041591547429562,0.010126580484211445,0.008499093353748322,0.007233268581330776,0.006148277781903744,0.009041591547429562,0.013285664841532707,0.016543345525860786,0.02260543219745159,0.03627672418951988,0.0033446159213781357,0.006658877246081829,0.008088373579084873,0.009508185088634491,0.011337260715663433,0.009041591547429562,0.022935502231121063,0.0269303061068058,0.031207414343953133,0.03631661459803581,0.009041591547429562,0.050632912665605545,0.084990955889225,0.14466546475887299,0.30741411447525024
462,310.435017854,1778817004.3270257,441,0.01677779108285904,0.01621144451200962,0.0005663468618877232,,,,,,,,,,,,,,,,,,,,,,,,,,,,,,
463,310.542086852,1778817004.434502,442,0.01672404259443283,0.01615535281598568,0.0005686895456165075,,,,,,,,,,,,,,,,,,,,,,,,,,,,,,
464,310.631948309,1778817004.524426,443,0.017359290271997452,0.016791369765996933,0.0005679199821315706,,,,,,,,,,,,,,,,,,,,,,,,,,,,,,
465,310.721399897,1778817004.6137354,444,0.01701418124139309,0.016444606706500053,0.0005695748259313405,,,,,,,,,,,,,,,,,,,,,,,,,,,,,,
466,310.811551128,1778817004.704129,445,0.016204092651605606,0.015633773058652878,0.0005703186616301537,,,,,,,,,,,,,,,,,,,,,,,,,,,,,,
467,310.900663209,1778817004.7929008,446,0.01739947497844696,0.016828786581754684,0.0005706880474463105,,,,,,,,,,,,,,,,,,,,,,,,,,,,,,
468,310.997566649,1778817004.8899975,447,0.01581583358347416,0.015243502333760262,0.0005723311915062368,,,,,,,,,,,,,,,,,,,,,,,,,,,,,,
469,311.086361458,1778817004.978893,448,0.016348766162991524,0.015776898711919785,0.0005718682077713311,,,,,,,,,,,,,,,,,,,,,,,,,,,,,,
470,311.182277201,1778817005.0745747,449,0.015981584787368774,0.015408024191856384,0.0005735605373047292,,,,,,,,,,,,,,,,,,,,,,,,,,,,,,
471,311.271079623,1778817005.1636322,450,0.01645277626812458,0.01587851531803608,0.0005742601351812482,,,,,,,,,,,,,,,,,,,,,,,,,,,,,,
472,311.360748995,1778817005.2530656,451,0.01652279496192932,0.0159473717212677,0.0005754235316999257,,,,,,,,,,,,,,,,,,,,,,,,,,,,,,
473,311.44992048,1778817005.3421493,452,0.014572462067008018,0.01399766094982624,0.0005748009425587952,,,,,,,,,,,,,,,,,,,,,,,,,,,,,,
474,311.540839177,1778817005.4331234,453,0.01609175279736519,0.015516645275056362,0.0005751067656092346,,,,,,,,,,,,,,,,,,,,,,,,,,,,,,
475,311.630422623,1778817005.5228145,454,0.016140762716531754,0.015564280562102795,0.0005764815141446888,,,,,,,,,,,,,,,,,,,,,,,,,,,,,,
476,311.72024185,1778817005.612415,455,0.01574534736573696,0.015168164856731892,0.0005771817523054779,,,,,,,,,,,,,,,,,,,,,,,,,,,,,,
477,311.815770275,1778817005.7082987,456,0.015796653926372528,0.015218274667859077,0.0005783794913440943,,,,,,,,,,,,,,,,,,,,,,,,,,,,,,
478,311.904897198,1778817005.7971985,457,0.01604350097477436,0.01546398550271988,0.0005795150063931942,,,,,,,,,,,,,,,,,,,,,,,,,,,,,,
479,311.994086564,1778817005.8866231,458,0.015586636029183865,0.015007102862000465,0.0005795334582217038,,,,,,,,,,,,,,,,,,,,,,,,,,,,,,
480,312.120143133,1778817006.0121505,459,0.01452156063169241,0.01394130289554596,0.0005802574451081455,,,,,,,,,,,,,,,,,,,,,,,,,,,,,,
481,312.213132493,1778817006.1056266,460,0.01634674146771431,0.015765931457281113,0.0005808092537336051,,,,,,,,,,,,,,,,,,,,,,,,,,,,,,
482,321.678474497,1778817015.569803,460,,,,0.0034737815149128437,0.012366917915642262,0.025132738053798676,0.04206046462059021,0.09360300004482269,0.010849909856915474,0.009764917194843292,0.00867992453277111,0.007233268581330776,0.006148277781903744,0.010849909856915474,0.013177545741200447,0.01700027845799923,0.022518346086144447,0.036445047706365585,0.0034737815149128437,0.006559132598340511,0.00820318702608347,0.00947693269699812,0.011358749121427536,0.010849909856915474,0.02380952425301075,0.028218373656272888,0.03226219117641449,0.0373869389295578,0.010849909856915474,0.04882459342479706,0.08679927885532379,0.14466546475887299,0.30741411447525024
483,321.774465667,1778817015.666838,461,0.015516823157668114,0.014935590326786041,0.0005812325398437679,,,,,,,,,,,,,,,,,,,,,,,,,,,,,,
484,321.864589796,1778817015.7570436,462,0.016476811841130257,0.015894364565610886,0.0005824465770274401,,,,,,,,,,,,,,,,,,,,,,,,,,,,,,
485,321.956140624,1778817015.8483038,463,0.014152704738080502,0.013569772243499756,0.000582932261750102,,,,,,,,,,,,,,,,,,,,,,,,,,,,,,
486,322.046378066,1778817015.93857,464,0.014768227934837341,0.014184849336743355,0.000583378947339952,,,,,,,,,,,,,,,,,,,,,,,,,,,,,,
487,322.136175691,1778817016.0283065,465,0.013606215827167034,0.013023505918681622,0.0005827099084854126,,,,,,,,,,,,,,,,,,,,,,,,,,,,,,
488,322.227432528,1778817016.1197386,466,0.014620223082602024,0.014034440740942955,0.0005857821670360863,,,,,,,,,,,,,,,,,,,,,,,,,,,,,,
489,322.318515492,1778817016.2107143,467,0.014486854895949364,0.013901490718126297,0.0005853637703694403,,,,,,,,,,,,,,,,,,,,,,,,,,,,,,
490,322.407796746,1778817016.3000312,468,0.014905493706464767,0.014319493435323238,0.0005859999218955636,,,,,,,,,,,,,,,,,,,,,,,,,,,,,,
491,322.505802014,1778817016.3978558,469,0.014965085312724113,0.014379333704710007,0.0005857513751834631,,,,,,,,,,,,,,,,,,,,,,,,,,,,,,
492,322.594975204,1778817016.4873986,470,0.014085578732192516,0.013498122803866863,0.0005874562193639576,,,,,,,,,,,,,,,,,,,,,,,,,,,,,,
493,322.683837151,1778817016.5761006,471,0.015525045804679394,0.014937499538064003,0.0005875459755770862,,,,,,,,,,,,,,,,,,,,,,,,,,,,,,
494,322.772801526,1778817016.6650128,472,0.014574717730283737,0.01398475468158722,0.0005899631069041789,,,,,,,,,,,,,,,,,,,,,,,,,,,,,,
495,322.864671593,1778817016.7570791,473,0.01363921258598566,0.013050394132733345,0.00058881810400635,,,,,,,,,,,,,,,,,,,,,,,,,,,,,,
496,322.955510023,1778817016.8473098,474,0.013587160035967827,0.012998471036553383,0.0005886887083761394,,,,,,,,,,,,,,,,,,,,,,,,,,,,,,
497,323.046080686,1778817016.9387472,475,0.014500034041702747,0.013909606263041496,0.0005904281279072165,,,,,,,,,,,,,,,,,,,,,,,,,,,,,,
498,323.13469332,1778817017.0271785,476,0.014372015371918678,0.013780750334262848,0.0005912649212405086,,,,,,,,,,,,,,,,,,,,,,,,,,,,,,
499,323.223367502,1778817017.1158097,477,0.014976865611970425,0.014384489506483078,0.0005923759890720248,,,,,,,,,,,,,,,,,,,,,,,,,,,,,,
500,323.310755055,1778817017.2032342,478,0.013211753219366074,0.012617314234375954,0.0005944389849901199,,,,,,,,,,,,,,,,,,,,,,,,,,,,,,
501,323.40012885,1778817017.2922666,479,0.013602945022284985,0.013010978698730469,0.0005919663817621768,,,,,,,,,,,,,,,,,,,,,,,,,,,,,,
502,323.489183935,1778817017.381611,480,0.014441359788179398,0.013847965747117996,0.0005933938082307577,,,,,,,,,,,,,,,,,,,,,,,,,,,,,,
503,333.252036488,1778817027.143192,480,,,,0.003638174384832382,0.012517610564827919,0.0243189949542284,0.04157824441790581,0.09316306561231613,0.012658228166401386,0.010126580484211445,0.008318261243402958,0.007233268581330776,0.006220610812306404,0.012658228166401386,0.013776777312159538,0.016953442245721817,0.02267390862107277,0.03670055791735649,0.003638174384832382,0.006799785885959864,0.008307211101055145,0.009615304879844189,0.01153598167002201,0.012658228166401386,0.025467146188020706,0.0293765589594841,0.03371794894337654,0.03889964893460274,0.012658228166401386,0.050632912665605545,0.08318264037370682,0.14466546475887299,0.3110307455062866
504,333.343406279,1778817027.2357788,481,0.013592545874416828,0.012998305261135101,0.0005942407296970487,,,,,,,,,,,,,,,,,,,,,,,,,,,,,,
505,333.436357608,1778817027.3288233,482,0.0150311179459095,0.01443510688841343,0.0005960108828730881,,,,,,,,,,,,,,,,,,,,,,,,,,,,,,
506,333.528673632,1778817027.4209323,483,0.013528344221413136,0.012930840253829956,0.0005975035601295531,,,,,,,,,,,,,,,,,,,,,,,,,,,,,,
507,333.624918784,1778817027.5171905,484,0.01358175091445446,0.012985619716346264,0.0005961314309388399,,,,,,,,,,,,,,,,,,,,,,,,,,,,,,
508,333.716646784,1778817027.6088471,485,0.01295512542128563,0.012357634492218494,0.0005974913947284222,,,,,,,,,,,,,,,,,,,,,,,,,,,,,,
509,333.806977608,1778817027.699378,486,0.0147581547498703,0.01416035182774067,0.0005978025728836656,,,,,,,,,,,,,,,,,,,,,,,,,,,,,,
510,333.896629698,1778817027.7889988,487,0.013152162544429302,0.012555627152323723,0.0005965353921055794,,,,,,,,,,,,,,,,,,,,,,,,,,,,,,
511,333.987031251,1778817027.8794112,488,0.013446792028844357,0.012847735546529293,0.0005990568897686899,,,,,,,,,,,,,,,,,,,,,,,,,,,,,,
512,334.079253285,1778817027.97157,489,0.014155404642224312,0.013554874807596207,0.0006005296600051224,,,,,,,,,,,,,,,,,,,,,,,,,,,,,,
513,334.17004093,1778817028.0621593,490,0.014127053320407867,0.013526629656553268,0.0006004240131005645,,,,,,,,,,,,,,,,,,,,,,,,,,,,,,
514,334.261024067,1778817028.1534169,491,0.013734964653849602,0.013132414780557156,0.0006025502807460725,,,,,,,,,,,,,,,,,,,,,,,,,,,,,,
515,334.359102942,1778817028.2514398,492,0.012656704522669315,0.012054871767759323,0.0006018325802870095,,,,,,,,,,,,,,,,,,,,,,,,,,,,,,
516,334.450358712,1778817028.3426292,493,0.013019493781030178,0.012416146695613861,0.0006033473182469606,,,,,,,,,,,,,,,,,,,,,,,,,,,,,,
517,334.540925749,1778817028.4332223,494,0.012864039279520512,0.012260079383850098,0.0006039596628397703,,,,,,,,,,,,,,,,,,,,,,,,,,,,,,
518,334.630669785,1778817028.5229828,495,0.014204645529389381,0.013599572703242302,0.0006050725933164358,,,,,,,,,,,,,,,,,,,,,,,,,,,,,,
519,334.721199694,1778817028.613509,496,0.012271399609744549,0.01166612934321165,0.000605270208325237,,,,,,,,,,,,,,,,,,,,,,,,,,,,,,
520,334.811750328,1778817028.7039855,497,0.01371000986546278,0.013105463236570358,0.0006045465706847608,,,,,,,,,,,,,,,,,,,,,,,,,,,,,,
521,334.908739755,1778817028.8011277,498,0.013034592382609844,0.012428113259375095,0.0006064788321964443,,,,,,,,,,,,,,,,,,,,,,,,,,,,,,
522,334.999648914,1778817028.891885,499,0.012817323207855225,0.012211487628519535,0.000605835928581655,,,,,,,,,,,,,,,,,,,,,,,,,,,,,,
523,335.089626832,1778817028.9821184,500,0.013271876610815525,0.012663865461945534,0.0006080109160393476,,,,,,,,,,,,,,,,,,,,,,,,,,,,,,
524,344.731008188,1778817038.622528,500,,,,0.0037242844700813293,0.012517610564827919,0.02387850545346737,0.04280233755707741,0.09347526729106903,0.014466546475887299,0.010126580484211445,0.008137430064380169,0.0074141002260148525,0.006256776861846447,0.014466546475887299,0.013964458368718624,0.016821378841996193,0.023049352690577507,0.03680768236517906,0.0037242844700813293,0.00678546167910099,0.00823424756526947,0.009660175070166588,0.01149829849600792,0.014466546475887299,0.026250751689076424,0.029942013323307037,0.034588269889354706,0.03968779742717743,0.014466546475887299,0.050632912665605545,0.08137432485818863,0.14828209578990936,0.3128390610218048
